[[神経回路とは何か]],単一ニューロンの活動がどのように結合して情報処理の単位としての回路を形成するのかを整理する,content/01_脳・神経科学/神経回路・脳ネットワーク
[[フィードフォワード回路はどのように情報を処理するのか]],入力から出力へ一方向に流れる神経回路の基本構造と感覚処理における役割を解説する,content/01_脳・神経科学/神経回路・脳ネットワーク
[[フィードバック回路は脳内情報処理をどう調節するのか]],上位領域から下位領域へ戻る信号が予測・注意・誤差修正にどう関わるかを整理する,content/01_脳・神経科学/神経回路・脳ネットワーク
[[側方抑制はなぜコントラストを強調するのか]],感覚系で隣接するニューロン同士が互いを抑制する仕組みと知覚の鮮明化を説明する,content/01_脳・神経科学/神経回路・脳ネットワーク
[[リカレント回路はどのように記憶や持続活動を支えるのか]],再帰的結合をもつ神経回路が作業記憶・意思決定・時間的文脈処理に果たす役割を解説する,content/01_脳・神経科学/神経回路・脳ネットワーク
[[局所回路と長距離結合は何が違うのか]],皮質内の近距離結合と領域間を結ぶ長距離結合の役割分担を整理する,content/01_脳・神経科学/神経回路・脳ネットワーク
[[皮質カラムとは何か]],大脳皮質における縦方向の情報処理単位としてのカラム構造とその意義を整理する,content/01_脳・神経科学/神経回路・脳ネットワーク
[[大脳皮質の層構造は情報の流れをどう決めるのか]],第1層から第6層までの役割と入力・出力経路の違いを神経回路の観点から解説する,content/01_脳・神経科学/神経回路・脳ネットワーク
[[興奮性ニューロンと抑制性ニューロンは回路内でどう協調するのか]],E/Iバランスが発火制御・情報選択・ネットワーク安定性に与える影響を整理する,content/01_脳・神経科学/神経回路・脳ネットワーク
[[E/Iバランスとは何か]],興奮と抑制の均衡が正常な脳機能と精神・神経疾患にどう関わるかを解説する,content/01_脳・神経科学/神経回路・脳ネットワーク
[[抑制性介在ニューロンにはどのような種類があるのか]],PV・SST・VIP細胞などの代表的な介在ニューロンの機能的違いを整理する,content/01_脳・神経科学/神経回路・脳ネットワーク
[[神経同期とは何か]],複数ニューロンがタイミングをそろえて活動する現象と情報統合・注意・意識への関係を解説する,content/01_脳・神経科学/神経回路・脳ネットワーク
[[神経振動とは何か]],デルタ・シータ・アルファ・ベータ・ガンマ帯域の脳波リズムと神経回路機能を整理する,content/01_脳・神経科学/神経回路・脳ネットワーク
[[ガンマ振動は認知機能にどう関わるのか]],局所回路の高速同期が注意・知覚統合・作業記憶に関与する仕組みを整理する,content/01_脳・神経科学/神経回路・脳ネットワーク
[[シータリズムは記憶とナビゲーションをどう支えるのか]],海馬シータ波が空間記憶・時間順序・学習に果たす役割を解説する,content/01_脳・神経科学/神経回路・脳ネットワーク
[[脳内ネットワークとは何か]],神経細胞や脳領域が結合して構成する機能的・構造的ネットワークの基本概念を整理する,content/01_脳・神経科学/神経回路・脳ネットワーク
[[構造的結合と機能的結合は何が違うのか]],白質線維による物理的結合と活動相関としての機能的結合の違いを解説する,content/01_脳・神経科学/神経回路・脳ネットワーク
[[有効結合とは何か]],ある脳領域の活動が別の領域に因果的影響を与えるという考え方と解析法の概要を整理する,content/01_脳・神経科学/神経回路・脳ネットワーク
[[スモールワールドネットワークとは何か]],脳ネットワークが局所的まとまりと全体的効率を両立する仕組みをグラフ理論から解説する,content/01_脳・神経科学/神経回路・脳ネットワーク
[[ハブ領域とは何か]],脳ネットワークにおいて多くの結合を持つ重要領域が情報統合に果たす役割を整理する,content/01_脳・神経科学/神経回路・脳ネットワーク
[[リッチクラブ構造とは何か]],脳内の高結合ハブ同士が密に結びつく構造と全脳的情報統合への意義を解説する,content/01_脳・神経科学/神経回路・脳ネットワーク
[[デフォルトモードネットワークとは何か]],安静時に活動しやすい内側前頭前野・後部帯状皮質・角回などのネットワークと自己関連処理を整理する,content/01_脳・神経科学/神経回路・脳ネットワーク
[[サリエンスネットワークとは何か]],重要な刺激や内的変化を検出して注意・実行制御を切り替えるネットワークを解説する,content/01_脳・神経科学/神経回路・脳ネットワーク
[[中央実行ネットワークとは何か]],前頭頭頂ネットワークが作業記憶・注意制御・課題遂行にどう関わるかを整理する,content/01_脳・神経科学/神経回路・脳ネットワーク
[[前頭頭頂ネットワークは認知制御をどう支えるのか]],目標維持・柔軟な切り替え・トップダウン制御における前頭頭頂結合の役割を解説する,content/01_脳・神経科学/神経回路・脳ネットワーク
[[視覚ネットワークはどのように階層的に情報処理するのか]],一次視覚野から高次視覚野への階層処理と腹側・背側経路を整理する,content/01_脳・神経科学/神経回路・脳ネットワーク
[[聴覚ネットワークは音情報をどう処理するのか]],蝸牛から聴覚皮質までの経路と音程・音源定位・言語音処理の基礎を解説する,content/01_脳・神経科学/神経回路・脳ネットワーク
[[体性感覚ネットワークは身体情報をどう表現するのか]],末梢感覚入力が視床・一次体性感覚野を通じて身体地図として表現される仕組みを整理する,content/01_脳・神経科学/神経回路・脳ネットワーク
[[運動ネットワークは随意運動をどう生み出すのか]],運動野・補足運動野・基底核・小脳が協調して運動を計画・実行する仕組みを解説する,content/01_脳・神経科学/神経回路・脳ネットワーク
[[大脳基底核ループとは何か]],皮質-線条体-淡蒼球-視床-皮質ループが行動選択や運動制御に果たす役割を整理する,content/01_脳・神経科学/神経回路・脳ネットワーク
[[直接路と間接路は行動選択をどう制御するのか]],大脳基底核の2つの主要経路が運動促進と抑制にどう関わるかを解説する,content/01_脳・神経科学/神経回路・脳ネットワーク
[[小脳回路は予測と誤差学習にどう関わるのか]],小脳皮質・深部核・登上線維・苔状線維の回路構造と運動学習を整理する,content/01_脳・神経科学/神経回路・脳ネットワーク
[[海馬回路は記憶をどう形成するのか]],歯状回・CA3・CA1・嗅内皮質の回路がエピソード記憶に果たす役割を解説する,content/01_脳・神経科学/神経回路・脳ネットワーク
[[三シナプス回路とは何か]],海馬における嗅内皮質から歯状回・CA3・CA1へ至る代表的経路を整理する,content/01_脳・神経科学/神経回路・脳ネットワーク
[[扁桃体回路は情動をどう処理するのか]],恐怖学習・情動評価・自律反応に関わる扁桃体内外の結合を解説する,content/01_脳・神経科学/神経回路・脳ネットワーク
[[視床は単なる中継核なのか]],感覚中継だけでなく皮質-視床ループによる注意・意識・リズム形成の役割を整理する,content/01_脳・神経科学/神経回路・脳ネットワーク
[[皮質視床ループは意識や注意にどう関わるのか]],視床と大脳皮質の相互結合が覚醒水準・感覚選択・情報統合に果たす役割を解説する,content/01_脳・神経科学/神経回路・脳ネットワーク
[[脳幹網様体は覚醒ネットワークで何をしているのか]],脳幹の上行性覚醒系が睡眠覚醒・注意・意識レベルを支える仕組みを整理する,content/01_脳・神経科学/神経回路・脳ネットワーク
[[自律神経ネットワークは内臓状態をどう制御するのか]],視床下部・脳幹・島皮質などが内受容感覚と自律反応を統合する仕組みを解説する,content/01_脳・神経科学/神経回路・脳ネットワーク
[[島皮質は内受容感覚ネットワークで何をしているのか]],身体内部状態の感知が情動・意思決定・自己感覚に結びつく仕組みを整理する,content/01_脳・神経科学/神経回路・脳ネットワーク
[[コネクトームとは何か]],脳内の構造的・機能的結合を全体地図として捉える研究領域の基本概念を解説する,content/01_脳・神経科学/神経回路・脳ネットワーク
[[グラフ理論は脳ネットワーク解析にどう使われるのか]],ノード・エッジ・次数・クラスタ係数・経路長などの指標を脳解析の文脈で整理する,content/01_脳・神経科学/神経回路・脳ネットワーク
[[モジュール性とは何か]],脳ネットワークが機能的まとまりに分かれる性質と専門化・統合のバランスを解説する,content/01_脳・神経科学/神経回路・脳ネットワーク
[[ネットワーク効率とは何か]],脳全体で情報がどれだけ効率よく伝わるかを測る指標と認知機能との関係を整理する,content/01_脳・神経科学/神経回路・脳ネットワーク
[[動的機能的結合とは何か]],時間とともに変化する脳領域間の結合パターンを捉える考え方とその意義を解説する,content/01_脳・神経科学/神経回路・脳ネットワーク
[[神経回路の発達はどのように進むのか]],軸索伸長・シナプス形成・刈り込み・髄鞘化がネットワーク形成に与える影響を整理する,content/01_脳・神経科学/神経回路・脳ネットワーク
[[経験依存的可塑性はネットワークをどう変えるのか]],学習や環境入力が回路結合の強さやネットワーク構造を変化させる仕組みを解説する,content/01_脳・神経科学/神経回路・脳ネットワーク
[[臨界期は神経回路形成にどのような意味を持つのか]],発達期の特定時期に経験が回路形成へ強く影響する理由と代表例を整理する,content/01_脳・神経科学/神経回路・脳ネットワーク
[[神経回路のノイズは情報処理にどう影響するのか]],神経活動のばらつきが誤差だけでなく探索・確率的表現・意思決定に果たす役割を解説する,content/01_脳・神経科学/神経回路・脳ネットワーク
[[脳ネットワークの破綻は精神疾患をどう説明するのか]],統合失調症・うつ病・自閉スペクトラム症などをネットワーク異常として捉える基本視点を整理する,content/01_脳・神経科学/神経回路・脳ネットワーク
[[脳画像とは何を見ているのか]],MRI・CT・PET・SPECTなどが脳の構造や機能の何を可視化しているのかを概観する,content/01_脳・神経科学/脳画像・神経計測
[[構造MRIは脳の何を測っているのか]],T1強調画像を中心に灰白質・白質・脳萎縮・形態解析で得られる情報を整理する,content/01_脳・神経科学/脳画像・神経計測
[[T1強調画像とT2強調画像は何が違うのか]],MRI信号の基本と画像コントラストの違いを脳構造評価の観点から解説する,content/01_脳・神経科学/脳画像・神経計測
[[FLAIR画像はどのような病変検出に役立つのか]],脳脊髄液信号を抑制することで白質病変や浮腫を見やすくする仕組みを整理する,content/01_脳・神経科学/脳画像・神経計測
[[拡散強調画像DWIは何を反映しているのか]],水分子の拡散制限を利用して急性期脳梗塞などを検出する原理を解説する,content/01_脳・神経科学/脳画像・神経計測
[[拡散テンソル画像DTIは白質線維をどう可視化するのか]],拡散異方性を用いて白質路や構造的結合を推定する方法を整理する,content/01_脳・神経科学/脳画像・神経計測
[[FA値とは何か]],拡散テンソル画像における異方性指標が白質の微細構造をどう反映するかを解説する,content/01_脳・神経科学/脳画像・神経計測
[[トラクトグラフィーとは何か]],DTIや拡散MRIから白質線維走行を推定する方法と限界を整理する,content/01_脳・神経科学/脳画像・神経計測
[[fMRIは神経活動を直接測っているのか]],BOLD信号の原理と神経活動・血流・酸素化の関係を解説する,content/01_脳・神経科学/脳画像・神経計測
[[BOLD信号とは何か]],血液酸素化レベル依存信号が脳活動の間接指標として使われる理由を整理する,content/01_脳・神経科学/脳画像・神経計測
[[課題fMRIでは何を比較しているのか]],実験条件と対照条件の差分から脳活動を推定する基本設計を解説する,content/01_脳・神経科学/脳画像・神経計測
[[安静時fMRIは何を測っているのか]],自発的なBOLD信号の揺らぎから機能的結合や脳ネットワークを推定する方法を整理する,content/01_脳・神経科学/脳画像・神経計測
[[機能的結合解析とは何か]],脳領域間の活動相関を用いてネットワークを評価する考え方と注意点を解説する,content/01_脳・神経科学/脳画像・神経計測
[[独立成分分析ICAはfMRIでどう使われるのか]],信号を空間的・時間的成分に分解しネットワークやノイズを抽出する方法を整理する,content/01_脳・神経科学/脳画像・神経計測
[[シードベース解析とは何か]],関心領域を起点に他領域との相関を調べる機能的結合解析の基本を解説する,content/01_脳・神経科学/脳画像・神経計測
[[PETは脳の何を測るのか]],放射性トレーサーを用いて代謝・血流・受容体結合を評価する原理と応用を整理する,content/01_脳・神経科学/脳画像・神経計測
[[FDG-PETは脳代謝をどう可視化するのか]],グルコース代謝を指標に認知症・腫瘍・てんかんなどを評価する仕組みを解説する,content/01_脳・神経科学/脳画像・神経計測
[[受容体PETとは何か]],ドパミン受容体やアミロイドなど特定分子を可視化する分子イメージングの考え方を整理する,content/01_脳・神経科学/脳画像・神経計測
[[SPECTは脳血流をどう評価するのか]],単一光子放出CTによる脳血流評価の原理と臨床応用を解説する,content/01_脳・神経科学/脳画像・神経計測
[[脳波EEGは何を測っているのか]],頭皮上電極で記録される電位変化と皮質錐体細胞集団活動の関係を整理する,content/01_脳・神経科学/脳画像・神経計測
[[脳波の周波数帯域にはどのような意味があるのか]],デルタ・シータ・アルファ・ベータ・ガンマ波の特徴と臨床・研究上の解釈を解説する,content/01_脳・神経科学/脳画像・神経計測
[[事象関連電位ERPとは何か]],刺激や反応に時間ロックした脳波成分から認知過程を推定する方法を整理する,content/01_脳・神経科学/脳画像・神経計測
[[P300とは何を反映しているのか]],注意・文脈更新・意思決定に関連する代表的ERP成分の意味を解説する,content/01_脳・神経科学/脳画像・神経計測
[[N400とは何を反映しているのか]],意味処理や言語理解に関連するERP成分としてのN400の解釈を整理する,content/01_脳・神経科学/脳画像・神経計測
[[MEGはEEGと何が違うのか]],神経活動に伴う磁場を記録する脳磁図の特徴・長所・制約を解説する,content/01_脳・神経科学/脳画像・神経計測
[[近赤外分光法NIRSは何を測っているのか]],頭皮上から血中ヘモグロビン変化を測る原理と臨床・発達研究での使い方を整理する,content/01_脳・神経科学/脳画像・神経計測
[[NIRSは精神医学研究でどう使われるのか]],前頭葉機能評価や課題中脳活動測定におけるNIRSの利点と限界を解説する,content/01_脳・神経科学/脳画像・神経計測
[[単一ユニット記録とは何か]],個々のニューロンの発火を直接記録する侵襲的計測法とその意義を整理する,content/01_脳・神経科学/脳画像・神経計測
[[局所フィールド電位LFPとは何か]],神経集団のシナプス活動を反映する信号としてのLFPの意味を解説する,content/01_脳・神経科学/脳画像・神経計測
[[パッチクランプ法は何を測るのか]],細胞膜電流やイオンチャネル活動を高精度に測定する電気生理学的手法を整理する,content/01_脳・神経科学/脳画像・神経計測
[[カルシウムイメージングとは何か]],細胞内Ca2+変化を利用して神経活動を可視化する方法と長所・限界を解説する,content/01_脳・神経科学/脳画像・神経計測
[[光遺伝学は神経活動をどう操作するのか]],光感受性タンパク質を用いて特定細胞を操作する原理と神経回路研究への応用を整理する,content/01_脳・神経科学/脳画像・神経計測
[[化学遺伝学DREADDとは何か]],人工受容体とリガンドを用いて神経活動を操作する方法と光遺伝学との違いを解説する,content/01_脳・神経科学/脳画像・神経計測
[[トランスクラニアル磁気刺激TMSは何をしているのか]],磁場で大脳皮質を刺激する原理と運動野評価・精神神経疾患治療への応用を整理する,content/01_脳・神経科学/脳画像・神経計測
[[経頭蓋直流電気刺激tDCSは脳活動をどう変えるのか]],弱い直流電流による皮質興奮性調節の考え方と研究上の注意点を解説する,content/01_脳・神経科学/脳画像・神経計測
[[深部脳刺激DBSは神経回路をどう調節するのか]],電極刺激による異常回路調整の仕組みとパーキンソン病・精神疾患への応用を整理する,content/01_脳・神経科学/脳画像・神経計測
[[ボクセルベース形態計測VBMとは何か]],MRIから灰白質体積差を統計的に評価する手法の基本と解釈上の注意点を解説する,content/01_脳・神経科学/脳画像・神経計測
[[皮質厚解析とは何か]],大脳皮質の厚みを測定して発達・老化・疾患変化を評価する方法を整理する,content/01_脳・神経科学/脳画像・神経計測
[[ROI解析と全脳解析は何が違うのか]],関心領域を絞る解析と探索的に全脳を調べる解析の利点・欠点を解説する,content/01_脳・神経科学/脳画像・神経計測
[[多重比較補正は脳画像解析でなぜ重要なのか]],多数のボクセルや接続を検定する際に偽陽性を抑える必要性を整理する,content/01_脳・神経科学/脳画像・神経計測
[[脳画像研究の再現性問題とは何か]],小標本・解析自由度・選択的報告が結果の再現性に与える影響を解説する,content/01_脳・神経科学/脳画像・神経計測
[[アーチファクトとは何か]],体動・眼球運動・筋電・機械ノイズなどが神経計測データに混入する問題を整理する,content/01_脳・神経科学/脳画像・神経計測
[[頭動補正はfMRIでなぜ重要なのか]],被験者の微小な動きが機能的結合や群間差に与える影響を解説する,content/01_脳・神経科学/脳画像・神経計測
[[空間分解能と時間分解能はなぜトレードオフになるのか]],fMRI・EEG・MEG・NIRSなどの計測法を分解能の観点から比較する,content/01_脳・神経科学/脳画像・神経計測
[[脳アトラスとは何か]],脳領域を標準化して解析・比較するための地図と代表的アトラスを整理する,content/01_脳・神経科学/脳画像・神経計測
[[標準脳空間とは何か]],MNI空間などを用いて個人差のある脳を共通座標系に揃える意義を解説する,content/01_脳・神経科学/脳画像・神経計測
[[マルチモーダル神経計測とは何か]],MRI・EEG・NIRS・行動指標などを組み合わせて脳機能を多面的に捉える方法を整理する,content/01_脳・神経科学/脳画像・神経計測
[[神経科学は精神疾患をどのように説明できるのか]],症状を脳領域・神経回路・分子機構・発達過程から理解する基本枠組みを整理する,content/01_脳・神経科学/神経科学と精神疾患
[[精神疾患は脳の病気なのか]],生物学的説明と心理社会的説明を統合しながら精神疾患の多層性を考える,content/01_脳・神経科学/神経科学と精神疾患
[[神経発達の異常は精神疾患にどう関わるのか]],胎児期から思春期までの脳発達変化がASD・ADHD・統合失調症に関わる視点を整理する,content/01_脳・神経科学/神経科学と精神疾患
[[シナプス刈り込みの異常は統合失調症と関係するのか]],思春期以降の過剰または不適切なシナプス刈り込み仮説を解説する,content/01_脳・神経科学/神経科学と精神疾患
[[E/Iバランス異常は精神疾患をどう説明するのか]],興奮と抑制の不均衡がASD・統合失調症・てんかん・不安症状に与える影響を整理する,content/01_脳・神経科学/神経科学と精神疾患
[[ドパミン仮説は統合失調症をどこまで説明できるのか]],陽性症状・報酬予測誤差・抗精神病薬作用を中心にドパミン仮説の意義と限界を解説する,content/01_脳・神経科学/神経科学と精神疾患
[[グルタミン酸仮説は統合失調症をどう説明するのか]],NMDA受容体機能低下や皮質回路異常から統合失調症を理解する視点を整理する,content/01_脳・神経科学/神経科学と精神疾患
[[GABA機能低下は統合失調症にどう関わるのか]],抑制性介在ニューロン異常とガンマ振動障害を中心に病態仮説を解説する,content/01_脳・神経科学/神経科学と精神疾患
[[報酬系の異常はうつ病をどう説明するのか]],快感消失・意欲低下・強化学習異常を中脳辺縁系回路から整理する,content/01_脳・神経科学/神経科学と精神疾患
[[扁桃体過活動は不安症やPTSDにどう関わるのか]],脅威検出・恐怖条件づけ・情動記憶の過剰反応を神経回路として解説する,content/01_脳・神経科学/神経科学と精神疾患
[[前頭前野は情動制御にどう関わるのか]],前頭前野と扁桃体の相互作用から不安・うつ・衝動性を整理する,content/01_脳・神経科学/神経科学と精神疾患
[[海馬萎縮はストレスやうつ病と関係するのか]],慢性ストレス・HPA軸・神経可塑性低下と海馬体積変化の関係を解説する,content/01_脳・神経科学/神経科学と精神疾患
[[HPA軸は精神疾患にどう関わるのか]],ストレス反応系の慢性的活性化がうつ病・不安症・PTSDに及ぼす影響を整理する,content/01_脳・神経科学/神経科学と精神疾患
[[炎症仮説はうつ病をどう説明するのか]],サイトカイン・ミクログリア・トリプトファン代謝などからうつ病病態を捉える視点を解説する,content/01_脳・神経科学/神経科学と精神疾患
[[ミクログリアは精神疾患にどう関わるのか]],神経炎症・シナプス刈り込み・ストレス応答におけるミクログリアの役割を整理する,content/01_脳・神経科学/神経科学と精神疾患
[[神経可塑性低下はうつ病をどう説明するのか]],BDNF・シナプス可塑性・抗うつ薬やケタミンの作用と関連づけて解説する,content/01_脳・神経科学/神経科学と精神疾患
[[ケタミンはなぜ速効性抗うつ作用を示すのか]],NMDA受容体・AMPA活性化・シナプス形成促進からケタミンの作用機序を整理する,content/01_脳・神経科学/神経科学と精神疾患
[[セロトニン仮説はうつ病をどこまで説明できるのか]],SSRIの作用とモノアミン仮説の意義・限界を初学者向けに整理する,content/01_脳・神経科学/神経科学と精神疾患
[[ノルアドレナリン系は不安と覚醒にどう関わるのか]],青斑核ネットワークを中心に過覚醒・注意・ストレス反応を解説する,content/01_脳・神経科学/神経科学と精神疾患
[[アセチルコリン系は認知症とどう関わるのか]],基底前脳コリン作動性系の障害と記憶・注意低下の関係を整理する,content/01_脳・神経科学/神経科学と精神疾患
[[アルツハイマー病では脳内で何が起きているのか]],アミロイドβ・タウ・神経変性・ネットワーク障害を神経科学的に整理する,content/01_脳・神経科学/神経科学と精神疾患
[[レビー小体型認知症は神経回路にどのような影響を与えるのか]],αシヌクレイン病理と認知変動・幻視・パーキンソニズムの関係を解説する,content/01_脳・神経科学/神経科学と精神疾患
[[前頭側頭型認知症はなぜ人格や行動を変えるのか]],前頭葉・側頭葉ネットワーク変性が社会行動や言語に与える影響を整理する,content/01_脳・神経科学/神経科学と精神疾患
[[ADHDは前頭線条体回路の障害として説明できるのか]],注意・衝動性・報酬遅延に関わる前頭前野と線条体ネットワークを解説する,content/01_脳・神経科学/神経科学と精神疾患
[[ASDは脳ネットワークの違いとして理解できるのか]],社会認知・感覚過敏・反復行動を局所過結合や長距離結合の観点から整理する,content/01_脳・神経科学/神経科学と精神疾患
[[感覚過敏は神経回路でどう説明できるのか]],感覚ゲーティング・予測処理・E/Iバランスから過敏性の仕組みを解説する,content/01_脳・神経科学/神経科学と精神疾患
[[強迫症では皮質線条体視床回路に何が起きているのか]],反復思考・確認行為をCSTCループの過活動として整理する,content/01_脳・神経科学/神経科学と精神疾患
[[依存症は報酬学習の病態としてどう理解できるのか]],ドパミン報酬系・強化学習・習慣化・渇望の神経機構を解説する,content/01_脳・神経科学/神経科学と精神疾患
[[摂食障害は脳の報酬系や身体感覚とどう関わるのか]],食物報酬・自己身体イメージ・島皮質・前頭制御の観点から整理する,content/01_脳・神経科学/神経科学と精神疾患
[[双極性障害は情動ネットワークの異常として説明できるのか]],気分エピソードを前頭辺縁系・報酬系・概日リズムの観点から解説する,content/01_脳・神経科学/神経科学と精神疾患
[[概日リズムの乱れは精神疾患にどう関わるのか]],睡眠覚醒リズム・視交叉上核・メラトニン・気分障害との関係を整理する,content/01_脳・神経科学/神経科学と精神疾患
[[睡眠障害は脳機能にどのような影響を与えるのか]],記憶・情動制御・認知機能・精神症状への影響を神経科学的に解説する,content/01_脳・神経科学/神経科学と精神疾患
[[PTSDでは恐怖記憶ネットワークに何が起きているのか]],扁桃体・海馬・前頭前野の相互作用からトラウマ記憶と過覚醒を整理する,content/01_脳・神経科学/神経科学と精神疾患
[[解離症状は脳ネットワークでどう説明できるのか]],自己感覚・記憶・情動制御ネットワークの分断や変調として解離を考える,content/01_脳・神経科学/神経科学と精神疾患
[[疼痛と精神疾患は脳内でどうつながるのか]],慢性疼痛・情動・注意・報酬系の相互作用からうつや不安との関連を整理する,content/01_脳・神経科学/神経科学と精神疾患
[[身体症状症は脳の予測処理で説明できるのか]],身体感覚の予測と誤差処理の変化から症状体験を理解する視点を解説する,content/01_脳・神経科学/神経科学と精神疾患
[[幻覚は脳内でどのように生じるのか]],知覚予測・感覚入力・ドパミン異常・皮質ネットワークの観点から幻覚を整理する,content/01_脳・神経科学/神経科学と精神疾患
[[妄想は予測誤差処理の異常として説明できるのか]],信念形成・顕著性付与・ドパミン信号の異常から妄想を解説する,content/01_脳・神経科学/神経科学と精神疾患
[[陰性症状は報酬系や認知制御の障害と関係するのか]],意欲低下・感情鈍麻・社会的引きこもりを神経回路の観点から整理する,content/01_脳・神経科学/神経科学と精神疾患
[[認知機能障害は統合失調症でなぜ重要なのか]],作業記憶・注意・実行機能の障害を前頭頭頂ネットワークから解説する,content/01_脳・神経科学/神経科学と精神疾患
[[精神疾患の神経画像バイオマーカーは実用化できるのか]],脳画像による診断・予後予測・治療反応予測の可能性と限界を整理する,content/01_脳・神経科学/神経科学と精神疾患
[[精神疾患における機能的結合異常とは何か]],安静時fMRIなどで観察されるネットワーク結合変化と症状との関連を解説する,content/01_脳・神経科学/神経科学と精神疾患
[[TMSはうつ病治療でどの神経回路を狙っているのか]],背外側前頭前野刺激と前頭辺縁系調節の関係を整理する,content/01_脳・神経科学/神経科学と精神疾患
[[DBSは精神疾患治療に応用できるのか]],強迫症・うつ病などへの深部脳刺激の標的回路と課題を解説する,content/01_脳・神経科学/神経科学と精神疾患
[[精神療法は脳を変えるのか]],心理療法による神経回路・情動制御・認知制御の変化を神経可塑性の観点から整理する,content/01_脳・神経科学/神経科学と精神疾患
[[薬物療法は神経回路にどう作用するのか]],抗うつ薬・抗精神病薬・気分安定薬が神経伝達とネットワーク活動に及ぼす影響を概観する,content/01_脳・神経科学/神経科学と精神疾患
[[レジリエンスは脳内でどう支えられているのか]],ストレス耐性・前頭前野・報酬系・社会的支援に関わる神経機構を整理する,content/01_脳・神経科学/神経科学と精神疾患
[[精神疾患の次元的理解とは何か]],診断カテゴリではなく症状次元と神経回路次元で精神疾患を捉える考え方を解説する,content/01_脳・神経科学/神経科学と精神疾患
[[RDoCは精神疾患研究をどう変えたのか]],症状・行動・神経回路・遺伝子を横断的に結びつける研究枠組みを整理する,content/01_脳・神経科学/神経科学と精神疾患
[[注意とは何か]],膨大な感覚情報の中から重要な情報を選択し処理資源を配分する仕組みを整理する,content/02_認知科学・心理学/認知機能
[[選択的注意はどのように働くのか]],複数の刺激の中から特定の対象に焦点を当てる過程と脳内メカニズムを解説する,content/02_認知科学・心理学/認知機能
[[持続的注意とは何か]],一定時間にわたって課題や刺激へ注意を維持する能力と臨床的意義を整理する,content/02_認知科学・心理学/認知機能
[[分割注意はどこまで可能なのか]],複数課題を同時に処理する際の限界と注意資源モデルを解説する,content/02_認知科学・心理学/認知機能
[[トップダウン注意とボトムアップ注意は何が違うのか]],目標に基づく注意制御と刺激駆動性の注意捕捉を比較して整理する,content/02_認知科学・心理学/認知機能
[[ワーキングメモリとは何か]],一時的に情報を保持し操作する認知機能としての作業記憶の基本構造を整理する,content/02_認知科学・心理学/認知機能
[[ワーキングメモリ容量はなぜ限られているのか]],保持できる情報量の制限と注意・実行機能との関係を解説する,content/02_認知科学・心理学/認知機能
[[中央実行系とは何か]],ワーキングメモリにおいて注意制御や課題切り替えを担う中核機能を整理する,content/02_認知科学・心理学/認知機能
[[エピソードバッファとは何か]],言語・視空間・長期記憶の情報を統合する作業記憶モデルの構成要素を解説する,content/02_認知科学・心理学/認知機能
[[長期記憶とは何か]],経験や知識を長期間保持する仕組みを宣言的記憶と非宣言的記憶に分けて整理する,content/02_認知科学・心理学/認知機能
[[エピソード記憶とは何か]],個人的経験や出来事を時間・場所・文脈とともに想起する記憶の特徴を解説する,content/02_認知科学・心理学/認知機能
[[意味記憶とは何か]],言葉・概念・一般知識を保持する記憶システムとその脳内基盤を整理する,content/02_認知科学・心理学/認知機能
[[手続き記憶とは何か]],技能や習慣の学習を支える記憶システムと基底核・小脳の役割を解説する,content/02_認知科学・心理学/認知機能
[[記銘・保持・想起は何が違うのか]],記憶が形成され保存され取り出されるまでの過程を段階的に整理する,content/02_認知科学・心理学/認知機能
[[記憶の固定化とは何か]],新しい記憶が時間とともに安定化し長期記憶へ移行する仕組みを解説する,content/02_認知科学・心理学/認知機能
[[想起は記憶を変えるのか]],思い出す行為が記憶内容を再構成し変化させるメカニズムを整理する,content/02_認知科学・心理学/認知機能
[[忘却はなぜ起こるのか]],記憶痕跡の減衰・干渉・検索失敗など忘却を説明する代表的理論を解説する,content/02_認知科学・心理学/認知機能
[[知覚とは何か]],感覚入力を意味ある対象や出来事として構成する認知過程を整理する,content/02_認知科学・心理学/認知機能
[[視覚認知はどのように対象を認識するのか]],特徴抽出・形態認識・物体認識の段階を視覚情報処理として解説する,content/02_認知科学・心理学/認知機能
[[顔認知はなぜ特別なのか]],顔を高速かつ専門的に処理する認知機構と紡錘状回顔領域の役割を整理する,content/02_認知科学・心理学/認知機能
[[空間認知とは何か]],位置・方向・距離・地図表象を扱う認知機能と海馬・頭頂葉の関与を解説する,content/02_認知科学・心理学/認知機能
[[時間認知とは何か]],時間間隔や順序を感じ取り予測する認知機能と脳内メカニズムを整理する,content/02_認知科学・心理学/認知機能
[[言語理解はどのように行われるのか]],音韻・語彙・文法・意味を統合して言語を理解する過程を解説する,content/02_認知科学・心理学/認知機能
[[言語産出はどのように行われるのか]],考えを言葉として組み立て発話するまでの認知過程を整理する,content/02_認知科学・心理学/認知機能
[[読字は脳内でどのように処理されるのか]],文字形態・音韻・意味を結びつける読みの認知過程を解説する,content/02_認知科学・心理学/認知機能
[[数認知とは何か]],数量・大小・計算を扱う認知機能と頭頂葉ネットワークの関与を整理する,content/02_認知科学・心理学/認知機能
[[実行機能とは何か]],目標に向けて行動を制御する抑制・更新・切り替えなどの機能を解説する,content/02_認知科学・心理学/認知機能
[[抑制制御とは何か]],衝動的反応や不要な情報処理を抑える認知制御機能を整理する,content/02_認知科学・心理学/認知機能
[[認知的柔軟性とは何か]],状況に応じて考え方や行動方略を切り替える能力を解説する,content/02_認知科学・心理学/認知機能
[[計画能力とは何か]],目標達成に向けて手順を構成し未来の行動を組み立てる認知機能を整理する,content/02_認知科学・心理学/認知機能
[[意思決定とは何か]],選択肢の価値・リスク・不確実性を評価して行動を選ぶ過程を解説する,content/02_認知科学・心理学/認知機能
[[リスク下の意思決定はどのように行われるのか]],確率と損益を伴う選択における認知バイアスと神経基盤を整理する,content/02_認知科学・心理学/認知機能
[[直感と熟慮はどう違うのか]],二重過程理論に基づき高速自動的判断と遅い分析的判断を比較する,content/02_認知科学・心理学/認知機能
[[問題解決とは何か]],目標状態へ到達するために方略を探索し実行する認知過程を整理する,content/02_認知科学・心理学/認知機能
[[推論とは何か]],既知の情報から新しい結論を導く演繹・帰納・アブダクションの違いを解説する,content/02_認知科学・心理学/認知機能
[[メタ認知とは何か]],自分の認知状態や理解度を監視し調整する能力を整理する,content/02_認知科学・心理学/認知機能
[[認知バイアスとは何か]],判断や意思決定に系統的な歪みを生じさせる代表的バイアスを解説する,content/02_認知科学・心理学/認知機能
[[ヒューリスティックとは何か]],複雑な判断を簡略化する経験則の利点と誤りやすさを整理する,content/02_認知科学・心理学/認知機能
[[予測処理とは何か]],脳が感覚入力を受動的に受け取るのではなく予測と誤差で世界を理解するという枠組みを解説する,content/02_認知科学・心理学/認知機能
[[認知負荷とは何か]],課題処理に必要な心的資源の大きさと学習・作業効率への影響を整理する,content/02_認知科学・心理学/認知機能
[[マルチタスクはなぜ難しいのか]],注意資源・課題切り替えコスト・干渉の観点から複数課題処理の限界を解説する,content/02_認知科学・心理学/認知機能
[[自動化された認知処理とは何か]],練習によって意識的努力なしに実行できる処理が形成される仕組みを整理する,content/02_認知科学・心理学/認知機能
[[熟達者の認知は初心者と何が違うのか]],専門知識・パターン認識・チャンク化が判断や問題解決に与える影響を解説する,content/02_認知科学・心理学/認知機能
[[社会的認知とは何か]],他者の意図・感情・信念を理解する認知機能の基礎を整理する,content/02_認知科学・心理学/認知機能
[[心の理論とは何か]],他者が自分とは異なる信念や欲求を持つと理解する能力を解説する,content/02_認知科学・心理学/認知機能
[[共感は認知機能としてどう理解できるのか]],情動的共感と認知的共感を区別し対人理解における役割を整理する,content/02_認知科学・心理学/認知機能
[[情動と認知は分けられるのか]],感情が注意・記憶・判断に影響する仕組みを認知機能の観点から解説する,content/02_認知科学・心理学/認知機能
[[認知機能検査は何を測っているのか]],注意・記憶・実行機能などを評価する検査の目的と解釈の注意点を整理する,content/02_認知科学・心理学/認知機能
[[認知機能低下はどのように評価するのか]],加齢・認知症・精神疾患における認知機能変化を測定する基本手順を解説する,content/02_認知科学・心理学/認知機能
[[意識とは何か]],覚醒・主観的経験・自己認識を含む意識概念を認知科学と神経科学の観点から整理する,content/02_認知科学・心理学/意識・自己・身体性
[[覚醒と意識内容は何が違うのか]],意識レベルと意識される内容を分けて考える臨床・理論上の意義を解説する,content/02_認知科学・心理学/意識・自己・身体性
[[主観的経験は科学的に扱えるのか]],クオリアや一人称経験を実験心理学・神経科学で研究する方法と限界を整理する,content/02_認知科学・心理学/意識・自己・身体性
[[グローバルワークスペース理論とは何か]],意識内容が広範な脳ネットワークに共有されることで意識化するという理論を解説する,content/02_認知科学・心理学/意識・自己・身体性
[[統合情報理論とは何か]],意識を情報の統合度から説明しようとする理論の基本概念と論点を整理する,content/02_認知科学・心理学/意識・自己・身体性
[[高次表象理論とは何か]],ある心的状態が自分の状態として表象されることで意識化するという考え方を解説する,content/02_認知科学・心理学/意識・自己・身体性
[[注意と意識は同じものなのか]],注意を向けることと意識に上ることの違いを実験例とともに整理する,content/02_認知科学・心理学/意識・自己・身体性
[[無意識処理とは何か]],意識されない刺激や情報が行動や判断に影響する仕組みを解説する,content/02_認知科学・心理学/意識・自己・身体性
[[盲視とは何か]],一次視覚野損傷後に視覚意識なしで視覚情報を利用できる現象を整理する,content/02_認知科学・心理学/意識・自己・身体性
[[変性意識状態とは何か]],睡眠・瞑想・催眠・薬物などで変化する意識状態を分類し特徴を解説する,content/02_認知科学・心理学/意識・自己・身体性
[[自己とは何か]],身体・記憶・社会的役割・物語として構成される自己概念を整理する,content/02_認知科学・心理学/意識・自己・身体性
[[最小自己とは何か]],反省的な自己理解以前に存在する主体感や身体所有感としての自己を解説する,content/02_認知科学・心理学/意識・自己・身体性
[[物語的自己とは何か]],記憶や言語によって形成される人生の物語としての自己を整理する,content/02_認知科学・心理学/意識・自己・身体性
[[自己意識はどのように発達するのか]],乳幼児期から青年期にかけて自己認識や他者との区別が形成される過程を解説する,content/02_認知科学・心理学/意識・自己・身体性
[[自己概念とは何か]],自分の性格・能力・価値観に関する知識体系としての自己概念を整理する,content/02_認知科学・心理学/意識・自己・身体性
[[自己評価はどのように形成されるのか]],成功経験・他者評価・社会比較が自己評価や自尊感情に与える影響を解説する,content/02_認知科学・心理学/意識・自己・身体性
[[主体感とは何か]],自分が行為を起こしているという感覚が運動予測や結果フィードバックから生じる仕組みを整理する,content/02_認知科学・心理学/意識・自己・身体性
[[身体所有感とは何か]],この身体が自分のものだと感じる経験を多感覚統合の観点から解説する,content/02_認知科学・心理学/意識・自己・身体性
[[ラバーハンド錯覚は何を示しているのか]],視覚・触覚・固有感覚の統合が身体所有感を変化させる実験を整理する,content/02_認知科学・心理学/意識・自己・身体性
[[身体図式とは何か]],意識されにくい運動制御用の身体表象としての身体図式を解説する,content/02_認知科学・心理学/意識・自己・身体性
[[身体イメージとは何か]],自分の身体の見た目や意味づけに関する意識的表象を整理する,content/02_認知科学・心理学/意識・自己・身体性
[[内受容感覚とは何か]],心拍・呼吸・胃腸感覚など身体内部状態の感知が感情や自己感覚に与える役割を解説する,content/02_認知科学・心理学/意識・自己・身体性
[[内受容感覚は感情にどう関わるのか]],身体内部状態の知覚が不安・気分・意思決定に影響する仕組みを整理する,content/02_認知科学・心理学/意識・自己・身体性
[[身体化認知とは何か]],認知が脳内計算だけでなく身体・行為・環境との相互作用に基づくという考え方を解説する,content/02_認知科学・心理学/意識・自己・身体性
[[エナクティブ認知とは何か]],生物が環境との相互作用を通じて意味を生成するという認知理論を整理する,content/02_認知科学・心理学/意識・自己・身体性
[[アフォーダンスとは何か]],環境が行為者に提供する行為可能性という概念を身体性の観点から解説する,content/02_認知科学・心理学/意識・自己・身体性
[[自己と他者はどのように区別されるのか]],感覚予測・主体感・社会的認知から自己他者境界の形成を整理する,content/02_認知科学・心理学/意識・自己・身体性
[[離人感とは何か]],自分や世界が現実味を失ったように感じる体験を自己意識の変容として解説する,content/02_認知科学・心理学/意識・自己・身体性
[[解離とは認知科学的に何か]],記憶・意識・自己感覚の統合が一時的に変化する現象を整理する,content/02_認知科学・心理学/意識・自己・身体性
[[身体失認とは何か]],自分の身体部位を認識できない神経心理症状から身体表象の仕組みを解説する,content/02_認知科学・心理学/意識・自己・身体性
[[病態失認とは何か]],障害の存在を認識できない現象が自己認識と脳損傷の関係を示すことを整理する,content/02_認知科学・心理学/意識・自己・身体性
[[幻肢とは何か]],失われた身体部位を感じる現象を身体地図と神経可塑性の観点から解説する,content/02_認知科学・心理学/意識・自己・身体性
[[自由意志は認知科学でどう扱われるのか]],意思決定・準備電位・主体感の研究から自由意志の問題を整理する,content/02_認知科学・心理学/意識・自己・身体性
[[自己制御とは何か]],欲求や感情を調整し長期目標に沿って行動する自己調整機能を解説する,content/02_認知科学・心理学/意識・自己・身体性
[[自己効力感とは何か]],自分は行動を実行できるという信念が学習・健康行動・治療に与える影響を整理する,content/02_認知科学・心理学/意識・自己・身体性
[[アイデンティティとは何か]],自己の連続性・所属・価値観が統合された感覚としてのアイデンティティを解説する,content/02_認知科学・心理学/意識・自己・身体性
[[身体と感情はどのようにつながるのか]],身体反応が情動経験を形作る理論と現代的理解を整理する,content/02_認知科学・心理学/意識・自己・身体性
[[感情は身体感覚の予測なのか]],予測処理と内受容感覚から情動体験を説明する枠組みを解説する,content/02_認知科学・心理学/意識・自己・身体性
[[瞑想は自己感覚をどう変えるのか]],注意・内受容感覚・自己関連処理に対する瞑想の影響を整理する,content/02_認知科学・心理学/意識・自己・身体性
[[睡眠中の意識はどう理解できるのか]],夢・明晰夢・睡眠段階を意識状態の変化として解説する,content/02_認知科学・心理学/意識・自己・身体性
[[夢は何を反映しているのか]],記憶・情動処理・予測シミュレーションとしての夢の理論を整理する,content/02_認知科学・心理学/意識・自己・身体性
[[明晰夢とは何か]],夢を見ていると自覚しながら夢を経験する状態とその神経認知的特徴を解説する,content/02_認知科学・心理学/意識・自己・身体性
[[意識障害はどのように評価されるのか]],昏睡・植物状態・最小意識状態の違いと臨床評価の基本を整理する,content/02_認知科学・心理学/意識・自己・身体性
[[自己関連処理の脳ネットワークとは何か]],デフォルトモードネットワークと自己参照・内省の関係を解説する,content/02_認知科学・心理学/意識・自己・身体性
[[社会の中の自己はどのように形成されるのか]],他者評価・役割・文化が自己概念や自己物語を形作る過程を整理する,content/02_認知科学・心理学/意識・自己・身体性
[[身体性は精神医学にどう関わるのか]],身体感覚・自己感覚・情動調整の変化から精神症状を理解する視点を解説する,content/02_認知科学・心理学/意識・自己・身体性
[[学習とは何か]],経験によって行動や認知が比較的持続的に変化する過程を整理する,content/02_認知科学・心理学/学習・行動・動機づけ
[[古典的条件づけとは何か]],中性刺激が生物学的に意味のある刺激と結びつき反応を引き起こす学習を解説する,content/02_認知科学・心理学/学習・行動・動機づけ
[[オペラント条件づけとは何か]],行動の結果によってその行動の頻度が変化する学習原理を整理する,content/02_認知科学・心理学/学習・行動・動機づけ
[[強化とは何か]],行動を増やす結果としての正の強化・負の強化を具体例とともに解説する,content/02_認知科学・心理学/学習・行動・動機づけ
[[罰とは何か]],行動を減らす結果としての罰の種類と副作用・臨床応用上の注意点を整理する,content/02_認知科学・心理学/学習・行動・動機づけ
[[消去とは何か]],条件づけられた反応が強化されなくなることで弱まる過程を解説する,content/02_認知科学・心理学/学習・行動・動機づけ
[[般化と弁別は何が違うのか]],学習した反応が似た刺激へ広がる現象と刺激を区別する学習を整理する,content/02_認知科学・心理学/学習・行動・動機づけ
[[恐怖条件づけとは何か]],恐怖刺激と手がかりが結びつく学習過程と不安症・PTSDへの関係を解説する,content/02_認知科学・心理学/学習・行動・動機づけ
[[回避学習とは何か]],嫌悪刺激を避ける行動が維持される仕組みと不安症状の持続への関係を整理する,content/02_認知科学・心理学/学習・行動・動機づけ
[[習慣学習とは何か]],目標に基づく行動が反復により自動化し習慣として維持される過程を解説する,content/02_認知科学・心理学/学習・行動・動機づけ
[[目標指向行動と習慣行動は何が違うのか]],行動が結果の価値に基づく場合と刺激反応連合に基づく場合を比較する,content/02_認知科学・心理学/学習・行動・動機づけ
[[観察学習とは何か]],他者の行動と結果を観察することで学ぶ社会的学習の仕組みを整理する,content/02_認知科学・心理学/学習・行動・動機づけ
[[模倣学習はなぜ重要なのか]],他者の行動を再現する能力が発達・文化伝達・技能獲得に果たす役割を解説する,content/02_認知科学・心理学/学習・行動・動機づけ
[[潜在学習とは何か]],明示的な強化や自覚なしに獲得される知識や行動傾向を整理する,content/02_認知科学・心理学/学習・行動・動機づけ
[[洞察学習とは何か]],試行錯誤ではなく問題構造の再構成によって突然解決が生じる学習を解説する,content/02_認知科学・心理学/学習・行動・動機づけ
[[強化学習とは何か]],報酬と罰に基づき将来価値を最大化する行動を学ぶ理論を整理する,content/02_認知科学・心理学/学習・行動・動機づけ
[[報酬予測誤差とは何か]],予想と実際の報酬の差が学習信号として働く仕組みを解説する,content/02_認知科学・心理学/学習・行動・動機づけ
[[探索と活用のジレンマとは何か]],新しい選択肢を試すことと既知の良い選択を使うことのバランスを整理する,content/02_認知科学・心理学/学習・行動・動機づけ
[[価値学習とは何か]],行動や刺激に対する価値評価が経験によって変化する過程を解説する,content/02_認知科学・心理学/学習・行動・動機づけ
[[動機づけとは何か]],行動を開始・方向づけ・持続させる内的過程を生物学的・心理学的に整理する,content/02_認知科学・心理学/学習・行動・動機づけ
[[内発的動機づけとは何か]],興味や好奇心そのものに基づいて行動する仕組みと学習への影響を解説する,content/02_認知科学・心理学/学習・行動・動機づけ
[[外発的動機づけとは何か]],報酬・評価・罰など外的要因によって行動が促される仕組みを整理する,content/02_認知科学・心理学/学習・行動・動機づけ
[[自己決定理論とは何か]],自律性・有能感・関係性という基本的心理欲求から動機づけを説明する理論を解説する,content/02_認知科学・心理学/学習・行動・動機づけ
[[報酬系とは何か]],中脳ドパミン系・側坐核・前頭前野が動機づけと学習に果たす役割を整理する,content/02_認知科学・心理学/学習・行動・動機づけ
[[快感と欲求は何が違うのか]], liking と wanting の区別から報酬処理と依存症の理解を解説する,content/02_認知科学・心理学/学習・行動・動機づけ
[[目標設定は行動をどう変えるのか]],明確な目標が努力・持続性・自己評価に与える影響を整理する,content/02_認知科学・心理学/学習・行動・動機づけ
[[自己効力感は学習にどう影響するのか]],自分はできるという信念が挑戦・努力・回復力に与える影響を解説する,content/02_認知科学・心理学/学習・行動・動機づけ
[[学習性無力感とは何か]],制御不能な失敗経験が行動停止や抑うつ様反応を引き起こす仕組みを整理する,content/02_認知科学・心理学/学習・行動・動機づけ
[[レジリエンスは学習されるのか]],困難から回復する力が経験・認知評価・社会的支援で変化する仕組みを解説する,content/02_認知科学・心理学/学習・行動・動機づけ
[[行動活性化とは何か]],活動と報酬経験を増やすことで気分や意欲を改善する治療原理を整理する,content/02_認知科学・心理学/学習・行動・動機づけ
[[行動抑制システムとは何か]],不安や罰の予測により行動を抑制する神経心理学的システムを解説する,content/02_認知科学・心理学/学習・行動・動機づけ
[[行動賦活システムとは何か]],報酬や目標接近を促す動機づけシステムと個人差を整理する,content/02_認知科学・心理学/学習・行動・動機づけ
[[衝動性とは何か]],短期的報酬へ飛びつきやすい傾向を抑制制御・報酬感受性から解説する,content/02_認知科学・心理学/学習・行動・動機づけ
[[遅延割引とは何か]],将来の報酬を現在より低く評価する傾向と意思決定・依存症への関係を整理する,content/02_認知科学・心理学/学習・行動・動機づけ
[[プロクラステイネーションはなぜ起こるのか]],先延ばしを感情調整・報酬評価・自己制御の観点から解説する,content/02_認知科学・心理学/学習・行動・動機づけ
[[習慣形成にはどのような条件が必要なのか]],手がかり・行動・報酬の反復が自動的行動を作る過程を整理する,content/02_認知科学・心理学/学習・行動・動機づけ
[[行動変容はどのように起こるのか]],健康行動や生活習慣の変化を段階モデル・強化・環境設計から解説する,content/02_認知科学・心理学/学習・行動・動機づけ
[[ナッジとは何か]],選択環境を設計して望ましい行動を促す行動科学的介入を整理する,content/02_認知科学・心理学/学習・行動・動機づけ
[[フィードバックは学習をどう促進するのか]],結果や過程に関する情報が誤差修正と動機づけに与える効果を解説する,content/02_認知科学・心理学/学習・行動・動機づけ
[[練習はどのように熟達を生むのか]],反復・フィードバック・意図的練習が技能獲得に与える影響を整理する,content/02_認知科学・心理学/学習・行動・動機づけ
[[転移学習とは何か]],ある状況で学んだ知識や技能が別の状況に応用される仕組みを解説する,content/02_認知科学・心理学/学習・行動・動機づけ
[[メタ学習とは何か]],自分の学び方を理解し方略を改善する能力を整理する,content/02_認知科学・心理学/学習・行動・動機づけ
[[好奇心は学習をどう促すのか]],情報ギャップや新奇性が探索行動と記憶形成を促進する仕組みを解説する,content/02_認知科学・心理学/学習・行動・動機づけ
[[退屈はなぜ行動を変えるのか]],刺激不足や意味の欠如が探索・回避・創造性に与える影響を整理する,content/02_認知科学・心理学/学習・行動・動機づけ
[[フロー体験とは何か]],技能と挑戦のバランスが集中・没入・高いパフォーマンスを生む状態を解説する,content/02_認知科学・心理学/学習・行動・動機づけ
[[依存は学習の病態として説明できるのか]],報酬学習・習慣化・渇望が物質依存や行動嗜癖を維持する仕組みを整理する,content/02_認知科学・心理学/学習・行動・動機づけ
[[再発はなぜ起こるのか]],消去後も手がかりやストレスで問題行動が再出現する学習メカニズムを解説する,content/02_認知科学・心理学/学習・行動・動機づけ
[[モチベーション面接は行動変容をどう支えるのか]],両価性を扱い自律的変化を引き出す面接技法の心理学的基盤を整理する,content/02_認知科学・心理学/学習・行動・動機づけ
[[発達とは何か]],生涯にわたる身体・認知・情動・社会性の変化を心理学的に整理する,content/02_認知科学・心理学/発達・愛着・社会心理
[[発達段階理論とは何か]],ピアジェ・エリクソンなどの代表的段階理論と現代的評価を解説する,content/02_認知科学・心理学/発達・愛着・社会心理
[[乳児は世界をどのように認識しているのか]],視覚・聴覚・顔・言語音など乳児期の知覚発達を整理する,content/02_認知科学・心理学/発達・愛着・社会心理
[[共同注意とは何か]],他者と同じ対象へ注意を向ける能力が言語・社会性発達に果たす役割を解説する,content/02_認知科学・心理学/発達・愛着・社会心理
[[心の理論はどのように発達するのか]],他者の信念や意図を理解する能力の発達過程と関連課題を整理する,content/02_認知科学・心理学/発達・愛着・社会心理
[[実行機能は子どもでどのように発達するのか]],抑制・ワーキングメモリ・認知的柔軟性が幼児期から青年期に成熟する過程を解説する,content/02_認知科学・心理学/発達・愛着・社会心理
[[言語発達はどのように進むのか]],喃語・語彙獲得・文法発達・社会的相互作用の役割を整理する,content/02_認知科学・心理学/発達・愛着・社会心理
[[愛着とは何か]],乳幼児と養育者の情緒的結びつきが発達に与える影響を整理する,content/02_認知科学・心理学/発達・愛着・社会心理
[[安全基地とは何か]],養育者が探索と安心の拠点として機能する愛着理論の中核概念を解説する,content/02_認知科学・心理学/発達・愛着・社会心理
[[内的作業モデルとは何か]],幼少期の対人経験が自己観・他者観・関係性の予測モデルとして形成される仕組みを整理する,content/02_認知科学・心理学/発達・愛着・社会心理
[[愛着スタイルにはどのような種類があるのか]],安定型・回避型・不安型・無秩序型の特徴と発達的背景を解説する,content/02_認知科学・心理学/発達・愛着・社会心理
[[ストレンジシチュエーション法とは何か]],乳幼児の愛着パターンを観察する代表的実験手法を整理する,content/02_認知科学・心理学/発達・愛着・社会心理
[[養育環境は発達にどう影響するのか]],感受性・応答性・ストレス・社会経済的要因が子どもの発達に与える影響を解説する,content/02_認知科学・心理学/発達・愛着・社会心理
[[逆境的小児期体験ACEとは何か]],虐待・ネグレクト・家庭機能不全が心身の健康に及ぼす長期的影響を整理する,content/02_認知科学・心理学/発達・愛着・社会心理
[[トラウマは発達にどう影響するのか]],慢性的ストレスや恐怖体験が情動調整・認知・対人関係に与える影響を解説する,content/02_認知科学・心理学/発達・愛着・社会心理
[[レジリエンスは発達過程でどう育つのか]],逆境下でも適応する力を支える個人要因・家族要因・社会的支援を整理する,content/02_認知科学・心理学/発達・愛着・社会心理
[[思春期の脳と心理はどう変化するのか]],報酬感受性・自己意識・同年代関係・リスク行動の変化を解説する,content/02_認知科学・心理学/発達・愛着・社会心理
[[青年期のアイデンティティ形成とは何か]],自己理解・価値観・進路・対人関係が統合されていく過程を整理する,content/02_認知科学・心理学/発達・愛着・社会心理
[[成人発達とは何か]],成人後も続く認知・情動・対人関係・人生課題の変化を解説する,content/02_認知科学・心理学/発達・愛着・社会心理
[[老年期の心理発達とは何か]],加齢に伴う認知変化・喪失体験・人生統合・ウェルビーイングを整理する,content/02_認知科学・心理学/発達・愛着・社会心理
[[社会心理学とは何か]],個人の思考・感情・行動が他者や社会状況から影響を受ける仕組みを整理する,content/02_認知科学・心理学/発達・愛着・社会心理
[[社会的認知とは何か]],人が他者や社会的出来事をどのように理解し判断するかを解説する,content/02_認知科学・心理学/発達・愛着・社会心理
[[帰属理論とは何か]],他者や自分の行動原因を性格・状況・偶然などに説明する認知過程を整理する,content/02_認知科学・心理学/発達・愛着・社会心理
[[基本的帰属錯誤とは何か]],他者の行動を状況より性格で説明しやすい傾向とその影響を解説する,content/02_認知科学・心理学/発達・愛着・社会心理
[[自己奉仕バイアスとは何か]],成功を自分の能力に失敗を外的要因に帰属しやすい傾向を整理する,content/02_認知科学・心理学/発達・愛着・社会心理
[[社会的比較とは何か]],他者との比較が自己評価・動機づけ・感情に与える影響を解説する,content/02_認知科学・心理学/発達・愛着・社会心理
[[同調とは何か]],集団の意見や行動に合わせる心理過程と実験研究を整理する,content/02_認知科学・心理学/発達・愛着・社会心理
[[服従とは何か]],権威者の指示に従う行動がどのように生じるかを社会心理学的に解説する,content/02_認知科学・心理学/発達・愛着・社会心理
[[集団規範とは何か]],集団内で共有される期待やルールが行動を調整する仕組みを整理する,content/02_認知科学・心理学/発達・愛着・社会心理
[[内集団バイアスとは何か]],自分の所属集団を好意的に評価し外集団を低く見る傾向を解説する,content/02_認知科学・心理学/発達・愛着・社会心理
[[ステレオタイプとは何か]],社会集団に関する固定的信念が判断や行動に与える影響を整理する,content/02_認知科学・心理学/発達・愛着・社会心理
[[偏見と差別は何が違うのか]],態度としての偏見と行動としての差別を区別し社会的要因を解説する,content/02_認知科学・心理学/発達・愛着・社会心理
[[スティグマとは何か]],特定の属性に対する社会的烙印が自己理解・援助希求・健康に与える影響を整理する,content/02_認知科学・心理学/発達・愛着・社会心理
[[説得はどのように起こるのか]],メッセージ・送り手・受け手・状況が態度変容に与える影響を解説する,content/02_認知科学・心理学/発達・愛着・社会心理
[[精緻化見込みモデルとは何か]],説得が中心ルートと周辺ルートで進むという態度変容理論を整理する,content/02_認知科学・心理学/発達・愛着・社会心理
[[認知的不協和とは何か]],信念と行動の矛盾が不快感を生み態度変化を引き起こす仕組みを解説する,content/02_認知科学・心理学/発達・愛着・社会心理
[[援助行動はなぜ起こるのか]],共感・規範・コスト利益・状況要因が他者援助に与える影響を整理する,content/02_認知科学・心理学/発達・愛着・社会心理
[[傍観者効果とは何か]],周囲に他者がいるほど援助行動が起こりにくくなる現象を解説する,content/02_認知科学・心理学/発達・愛着・社会心理
[[攻撃行動はどのように生じるのか]],欲求不満・学習・認知評価・社会状況から攻撃性を理解する,content/02_認知科学・心理学/発達・愛着・社会心理
[[親密性はどのように形成されるのか]],自己開示・信頼・相互依存・愛着が親密な関係を作る過程を整理する,content/02_認知科学・心理学/発達・愛着・社会心理
[[恋愛は心理学でどう説明されるのか]],愛着・報酬・情動・社会的選択から恋愛感情を解説する,content/02_認知科学・心理学/発達・愛着・社会心理
[[社会的支援は健康にどう影響するのか]],情緒的・情報的・道具的支援がストレスや精神健康に与える影響を整理する,content/02_認知科学・心理学/発達・愛着・社会心理
[[孤独は心身にどのような影響を与えるのか]],主観的孤立感が認知・情動・健康リスクに及ぼす影響を解説する,content/02_認知科学・心理学/発達・愛着・社会心理
[[文化は自己や認知にどう影響するのか]],個人主義・集団主義や文化的規範が自己観・感情・判断を形成する仕組みを整理する,content/02_認知科学・心理学/発達・愛着・社会心理
[[家族システムとは何か]],個人の心理を家族内の関係性や相互作用パターンから理解する視点を解説する,content/02_認知科学・心理学/発達・愛着・社会心理
[[世代間伝達とは何か]],養育・愛着・トラウマ・価値観が世代を超えて受け継がれる仕組みを整理する,content/02_認知科学・心理学/発達・愛着・社会心理
[[発達精神病理学とは何か]],発達過程と環境要因から精神症状の出現や回復を理解する枠組みを解説する,content/02_認知科学・心理学/発達・愛着・社会心理
[[心理測定とは何か]],心的特性や行動傾向を尺度や検査で数値化する基本概念を整理する,content/02_認知科学・心理学/心理測定・心理学研究
[[心理尺度はどのように作られるのか]],項目作成・予備調査・信頼性検討・妥当性検証の流れを解説する,content/02_認知科学・心理学/心理測定・心理学研究
[[信頼性とは何か]],測定値がどれだけ一貫して安定しているかを表す概念を整理する,content/02_認知科学・心理学/心理測定・心理学研究
[[妥当性とは何か]],心理検査が測りたい構成概念をどれだけ適切に測っているかを解説する,content/02_認知科学・心理学/心理測定・心理学研究
[[内的一貫性とは何か]],尺度内の項目が同じ構成概念を測っている程度をCronbachのαなどから整理する,content/02_認知科学・心理学/心理測定・心理学研究
[[再検査信頼性とは何か]],同じ検査を時間をおいて実施した際の得点安定性を解説する,content/02_認知科学・心理学/心理測定・心理学研究
[[評価者間信頼性とは何か]],複数の評価者による判定の一致度を測る考え方と指標を整理する,content/02_認知科学・心理学/心理測定・心理学研究
[[構成概念妥当性とは何か]],観察できない心理特性を理論とデータでどのように検証するかを解説する,content/02_認知科学・心理学/心理測定・心理学研究
[[基準関連妥当性とは何か]],尺度得点が外的基準とどの程度関連するかによって妥当性を評価する方法を整理する,content/02_認知科学・心理学/心理測定・心理学研究
[[内容的妥当性とは何か]],測定項目が対象概念の範囲を十分に代表しているかを検討する考え方を解説する,content/02_認知科学・心理学/心理測定・心理学研究
[[因子分析とは何か]],複数の観測項目の背後にある潜在因子を推定する統計手法を整理する,content/02_認知科学・心理学/心理測定・心理学研究
[[探索的因子分析と確認的因子分析は何が違うのか]],因子構造を探索する方法と仮説モデルを検証する方法を比較して解説する,content/02_認知科学・心理学/心理測定・心理学研究
[[項目反応理論とは何か]],個人の能力と項目特性から回答確率をモデル化する心理測定理論を整理する,content/02_認知科学・心理学/心理測定・心理学研究
[[古典的テスト理論とは何か]],観測得点を真の得点と誤差に分けて考える測定理論を解説する,content/02_認知科学・心理学/心理測定・心理学研究
[[標準化とは何か]],検査の実施方法・採点・基準集団を統一して比較可能にする手続きを整理する,content/02_認知科学・心理学/心理測定・心理学研究
[[偏差値と標準得点は何を意味するのか]],個人得点を集団内で相対化する指標の計算と解釈を解説する,content/02_認知科学・心理学/心理測定・心理学研究
[[カットオフ値はどのように決めるのか]],スクリーニングや診断補助で用いる閾値設定の考え方を整理する,content/02_認知科学・心理学/心理測定・心理学研究
[[天井効果と床効果とは何か]],測定値が上限または下限に偏ることで個人差を捉えにくくなる問題を解説する,content/02_認知科学・心理学/心理測定・心理学研究
[[反応バイアスとは何か]],社会的望ましさや黙従傾向などが質問紙回答に与える歪みを整理する,content/02_認知科学・心理学/心理測定・心理学研究
[[社会的望ましさバイアスとは何か]],自分を良く見せようとする回答傾向が心理測定に与える影響を解説する,content/02_認知科学・心理学/心理測定・心理学研究
[[心理学研究法とは何か]],実験・観察・調査・面接など心理学で使われる研究方法を概観する,content/02_認知科学・心理学/心理測定・心理学研究
[[実験研究とは何か]],独立変数を操作し従属変数への影響を検証する研究デザインを整理する,content/02_認知科学・心理学/心理測定・心理学研究
[[観察研究とは何か]],自然な状況で行動や心理指標を観察し関連を調べる研究方法を解説する,content/02_認知科学・心理学/心理測定・心理学研究
[[横断研究と縦断研究は何が違うのか]],一時点で群を比較する方法と同一個人を追跡する方法を整理する,content/02_認知科学・心理学/心理測定・心理学研究
[[相関研究で因果を言えないのはなぜか]],変数間の関連と因果関係の違いを交絡や逆因果の観点から解説する,content/02_認知科学・心理学/心理測定・心理学研究
[[実験計画における統制とは何か]],交絡を減らし操作の効果を明確にするための統制手続きを整理する,content/02_認知科学・心理学/心理測定・心理学研究
[[ランダム化はなぜ重要なのか]],参加者や条件割り当ての偏りを減らし因果推論を強める仕組みを解説する,content/02_認知科学・心理学/心理測定・心理学研究
[[盲検化とは何か]],参加者や評価者の期待が結果に影響することを防ぐ研究手続きを整理する,content/02_認知科学・心理学/心理測定・心理学研究
[[プラセボ効果とは何か]],期待や文脈が症状や行動に変化を起こす現象を研究法の観点から解説する,content/02_認知科学・心理学/心理測定・心理学研究
[[サンプルサイズ設計とは何か]],研究で必要な参加者数を効果量・検出力・有意水準から決める考え方を整理する,content/02_認知科学・心理学/心理測定・心理学研究
[[効果量とは何か]],統計的有意性とは別に効果の大きさを表す指標を解説する,content/02_認知科学・心理学/心理測定・心理学研究
[[統計的検出力とは何か]],本当に効果があるときにそれを検出できる確率としての検出力を整理する,content/02_認知科学・心理学/心理測定・心理学研究
[[p値とは何か]],帰無仮説のもとで観察された結果以上のデータが得られる確率という意味を解説する,content/02_認知科学・心理学/心理測定・心理学研究
[[多重比較問題とは何か]],多くの検定を行うほど偶然の有意差が増える問題と補正方法を整理する,content/02_認知科学・心理学/心理測定・心理学研究
[[心理学の再現性危機とは何か]],研究結果が再現されにくい問題の背景とオープンサイエンス改革を解説する,content/02_認知科学・心理学/心理測定・心理学研究
[[事前登録とは何か]],仮説・方法・解析計画を研究前に公開することで研究の透明性を高める仕組みを整理する,content/02_認知科学・心理学/心理測定・心理学研究
[[オープンデータとは何か]],研究データを共有する意義と倫理・プライバシー上の注意点を解説する,content/02_認知科学・心理学/心理測定・心理学研究
[[質問紙調査はどのように設計するのか]],項目作成・尺度選択・回答形式・サンプリングの基本を整理する,content/02_認知科学・心理学/心理測定・心理学研究
[[リッカート尺度とは何か]],同意度や頻度を段階的に回答させる尺度形式と解析上の注意点を解説する,content/02_認知科学・心理学/心理測定・心理学研究
[[インタビュー研究とは何か]],半構造化面接などを用いて主観的経験や意味づけを深く理解する方法を整理する,content/02_認知科学・心理学/心理測定・心理学研究
[[質的研究は心理学でどう使われるのか]],語りや経験の意味を分析する方法と量的研究との違いを解説する,content/02_認知科学・心理学/心理測定・心理学研究
[[混合研究法とは何か]],量的データと質的データを組み合わせて心理現象を多面的に理解する方法を整理する,content/02_認知科学・心理学/心理測定・心理学研究
[[反応時間課題は何を測っているのか]],刺激提示から反応までの時間を使って認知処理過程を推定する方法を解説する,content/02_認知科学・心理学/心理測定・心理学研究
[[アイトラッキングは心理研究で何を示すのか]],視線位置や注視時間から注意・読解・意思決定を測る方法を整理する,content/02_認知科学・心理学/心理測定・心理学研究
[[生理指標は心理状態をどう反映するのか]],心拍・皮膚電気活動・瞳孔径などを用いた心理計測の基礎を解説する,content/02_認知科学・心理学/心理測定・心理学研究
[[倫理審査は心理学研究でなぜ必要なのか]],参加者の権利・安全・プライバシーを守る研究倫理の基本を整理する,content/02_認知科学・心理学/心理測定・心理学研究
[[インフォームドコンセントとは何か]],研究参加者が十分な説明を受け自発的に同意するための条件を解説する,content/02_認知科学・心理学/心理測定・心理学研究
[[心理検査の限界は何か]],検査得点の誤差・文化差・状況依存性を踏まえた慎重な解釈を整理する,content/02_認知科学・心理学/心理測定・心理学研究
[[心理測定と臨床判断はどう組み合わせるべきか]],尺度得点を診断や支援に使う際の補助的役割と限界を解説する,content/02_認知科学・心理学/心理測定・心理学研究
[[精神医学とは何か]],精神医学の対象・方法・臨床的役割を生物心理社会モデルの観点から整理する,content/03_精神医学/総論・診断・面接
[[精神医学は他の医学分野と何が違うのか]],主観的体験・行動・社会機能を扱う精神医学の特徴と診断上の難しさを解説する,content/03_精神医学/総論・診断・面接
[[精神疾患とは何か]],精神疾患を症状・苦痛・機能障害・文化的文脈から定義する考え方を整理する,content/03_精神医学/総論・診断・面接
[[正常と異常はどこで分けられるのか]],精神症状の連続性と臨床的閾値を苦痛・機能障害・危険性から考える,content/03_精神医学/総論・診断・面接
[[生物心理社会モデルとは何か]],精神疾患を脳・心理・対人関係・社会環境の相互作用として理解する枠組みを解説する,content/03_精神医学/総論・診断・面接
[[ストレス脆弱性モデルとは何か]],個体の脆弱性と環境ストレスの組み合わせで発症を説明する基本モデルを整理する,content/03_精神医学/総論・診断・面接
[[素因ストレスモデルとは何か]],遺伝・発達・性格などの素因と出来事ストレスが精神症状を生む仕組みを解説する,content/03_精神医学/総論・診断・面接
[[精神医学におけるレジリエンスとは何か]],逆境下でも適応を保つ力を個人要因・環境要因・治療介入から整理する,content/03_精神医学/総論・診断・面接
[[精神医学における回復とは何か]],症状改善だけでなく生活・役割・意味・自己決定を含むリカバリー概念を解説する,content/03_精神医学/総論・診断・面接
[[精神科診断は何のためにあるのか]],診断が治療選択・予後予測・コミュニケーション・研究に果たす役割を整理する,content/03_精神医学/総論・診断・面接
[[操作的診断とは何か]],DSMやICDに代表される症状基準に基づく診断方法の利点と限界を解説する,content/03_精神医学/総論・診断・面接
[[DSMとICDは何が違うのか]],代表的診断分類であるDSMとICDの目的・構造・臨床利用の違いを整理する,content/03_精神医学/総論・診断・面接
[[カテゴリ診断と次元診断は何が違うのか]],疾患を有無で分ける方法と症状の程度や連続性で捉える方法を比較する,content/03_精神医学/総論・診断・面接
[[併存症とは何か]],複数の精神疾患診断が同時に成立する現象とその臨床的意味を整理する,content/03_精神医学/総論・診断・面接
[[鑑別診断とは何か]],似た症状を示す疾患を区別するための情報収集と判断過程を解説する,content/03_精神医学/総論・診断・面接
[[精神科診断における除外診断とは何か]],身体疾患・物質・薬剤などによる症状を見逃さないための基本姿勢を整理する,content/03_精神医学/総論・診断・面接
[[器質性精神障害を見逃さないためには何を見るべきか]],急性発症・意識障害・神経症状・高齢発症などのレッドフラッグを解説する,content/03_精神医学/総論・診断・面接
[[精神科初診で何を確認するべきか]],主訴・現病歴・既往歴・生活歴・家族歴・リスク評価の基本項目を整理する,content/03_精神医学/総論・診断・面接
[[主訴はどのように聞くべきか]],患者の言葉を尊重しながら受診理由と困りごとを明確にする聞き方を解説する,content/03_精神医学/総論・診断・面接
[[現病歴はどのように構造化するべきか]],発症時期・経過・誘因・症状変化・治療歴を時系列で整理する方法を解説する,content/03_精神医学/総論・診断・面接
[[生活歴はなぜ重要なのか]],発達歴・学業・職業・対人関係・家族背景が症状理解に与える意味を整理する,content/03_精神医学/総論・診断・面接
[[家族歴から何がわかるのか]],遺伝的脆弱性・家族環境・養育体験・対人パターンを評価する意義を解説する,content/03_精神医学/総論・診断・面接
[[病前性格とは何か]],発症前の性格傾向や対人様式が症状形成・治療関係・予後に与える影響を整理する,content/03_精神医学/総論・診断・面接
[[病前機能とは何か]],発症前の学業・仕事・対人関係・生活自立度を評価する臨床的意義を解説する,content/03_精神医学/総論・診断・面接
[[精神科面接とは何か]],情報収集と治療関係形成を同時に行う精神科面接の目的と特徴を整理する,content/03_精神医学/総論・診断・面接
[[治療関係とは何か]],患者と治療者の信頼・協働・境界を基盤とする関係性の重要性を解説する,content/03_精神医学/総論・診断・面接
[[ラポールはどのように形成されるのか]],安心感・尊重・共感・一貫性を通じて面接関係を築く方法を整理する,content/03_精神医学/総論・診断・面接
[[共感的理解とは何か]],患者の主観的体験を評価せず理解し言語化する面接技法を解説する,content/03_精神医学/総論・診断・面接
[[傾聴とは何か]],患者の語りを妨げず意味や感情を受け取る基本的面接姿勢を整理する,content/03_精神医学/総論・診断・面接
[[開かれた質問と閉じた質問はどう使い分けるのか]],自由な語りを促す質問と具体情報を確認する質問の使い分けを解説する,content/03_精神医学/総論・診断・面接
[[沈黙は精神科面接でどう扱うべきか]],沈黙の意味を不安・内省・抵抗・感情表出として理解し対応する方法を整理する,content/03_精神医学/総論・診断・面接
[[反映とは何か]],患者の感情や意味を言い換えて返すことで理解を深める面接技法を解説する,content/03_精神医学/総論・診断・面接
[[要約は面接でなぜ重要なのか]],患者の語りを整理し共有理解を確認するための要約技法を解説する,content/03_精神医学/総論・診断・面接
[[支持的面接とは何か]],安心感・現実検討・問題解決を支える基本的精神科面接の考え方を整理する,content/03_精神医学/総論・診断・面接
[[精神科面接で避けるべき対応は何か]],早すぎる助言・否定・説得・詰問が治療関係に与える悪影響を解説する,content/03_精神医学/総論・診断・面接
[[精神科面接で境界設定はなぜ必要なのか]],治療者と患者の役割・時間・連絡・個人的関係の境界を守る意義を整理する,content/03_精神医学/総論・診断・面接
[[転移とは何か]],患者が過去の対人関係パターンを治療者に向けて再現する現象を解説する,content/03_精神医学/総論・診断・面接
[[逆転移とは何か]],患者との関係で治療者側に生じる感情反応と臨床的活用・注意点を整理する,content/03_精神医学/総論・診断・面接
[[抵抗とは何か]],変化や洞察に対する無意識的・意識的な回避反応を面接上どう理解するかを解説する,content/03_精神医学/総論・診断・面接
[[防衛機制とは何か]],不安や葛藤から心を守る心理的メカニズムを精神科面接の文脈で整理する,content/03_精神医学/総論・診断・面接
[[病識とは何か]],自分の症状や治療必要性をどの程度理解しているかを評価する視点を解説する,content/03_精神医学/総論・診断・面接
[[疾病受容とは何か]],診断や症状を患者がどのように意味づけ受け止めていくかを整理する,content/03_精神医学/総論・診断・面接
[[アドヒアランスとは何か]],治療方針への患者の主体的参加と服薬・通院継続を支える要因を解説する,content/03_精神医学/総論・診断・面接
[[コンコーダンスとは何か]],医師と患者が対等に治療方針を共有し合意する考え方を整理する,content/03_精神医学/総論・診断・面接
[[共同意思決定とは何か]],患者の価値観と医学的根拠を統合して治療選択を行うプロセスを解説する,content/03_精神医学/総論・診断・面接
[[心理教育とは何か]],疾患・症状・治療・再発予防について患者や家族が理解する支援を整理する,content/03_精神医学/総論・診断・面接
[[家族面接では何を評価するべきか]],家族の理解・負担・コミュニケーション・支援資源を把握する視点を解説する,content/03_精神医学/総論・診断・面接
[[家族への説明で何に注意するべきか]],患者の同意・守秘義務・家族の不安・治療協力を踏まえた説明方法を整理する,content/03_精神医学/総論・診断・面接
[[守秘義務とは何か]],精神科診療において患者情報を守る原則と例外的開示の条件を解説する,content/03_精神医学/総論・診断・面接
[[インフォームドコンセントは精神科でどう行うのか]],判断能力・説明内容・同意の自発性を踏まえた精神科治療の同意取得を整理する,content/03_精神医学/総論・診断・面接
[[意思決定能力とは何か]],治療選択に関して理解・認識・推論・表明ができるかを評価する考え方を解説する,content/03_精神医学/総論・診断・面接
[[同意能力の評価はどのように行うのか]],患者が治療内容を理解し自分の状況に適用して判断できるかを確認する手順を整理する,content/03_精神医学/総論・診断・面接
[[精神科救急では何を優先するべきか]],安全確保・身体疾患除外・自他害リスク・鎮静必要性を初期対応として整理する,content/03_精神医学/総論・診断・面接
[[自殺リスク評価では何を聞くべきか]],希死念慮・計画性・手段・過去歴・保護因子を系統的に確認する方法を解説する,content/03_精神医学/総論・診断・面接
[[自傷と自殺企図はどう違うのか]],自傷行為の機能と自殺意図の有無を区別しリスク評価につなげる視点を整理する,content/03_精神医学/総論・診断・面接
[[他害リスク評価では何を見るべきか]],暴力の既往・妄想内容・衝動性・物質使用・環境要因を評価する方法を解説する,content/03_精神医学/総論・診断・面接
[[虐待リスクを精神科でどう評価するか]],児童・高齢者・障害者虐待を疑うサインと通告・連携の基本を整理する,content/03_精神医学/総論・診断・面接
[[身体合併症は精神科診療でなぜ重要なのか]],精神症状と身体疾患の相互影響および見逃し防止の観点を解説する,content/03_精神医学/総論・診断・面接
[[薬剤性精神症状とは何か]],ステロイド・抗パーキンソン病薬・抗菌薬などによる精神症状を見分ける視点を整理する,content/03_精神医学/総論・診断・面接
[[物質使用歴はどのように聞くべきか]],アルコール・薬物・市販薬・カフェインなどの使用量と問題を評価する方法を解説する,content/03_精神医学/総論・診断・面接
[[精神科診察で睡眠をどう評価するか]],入眠・中途覚醒・早朝覚醒・過眠・睡眠リズムを症状理解に結びつける,content/03_精神医学/総論・診断・面接
[[食欲と体重変化から何がわかるのか]],うつ病・摂食障害・身体疾患・薬剤影響などを鑑別するための評価を整理する,content/03_精神医学/総論・診断・面接
[[性機能や月経歴はなぜ精神科で重要なのか]],薬剤副作用・気分変動・トラウマ・身体疾患を含めた包括的評価を解説する,content/03_精神医学/総論・診断・面接
[[発達歴は成人精神科でもなぜ重要なのか]],幼少期の発達特性・学習困難・対人困難が現在の症状理解に役立つ理由を整理する,content/03_精神医学/総論・診断・面接
[[トラウマ歴はどのように聞くべきか]],安全性と患者のペースを尊重しながら逆境体験を評価する方法を解説する,content/03_精神医学/総論・診断・面接
[[文化的背景は診断にどう影響するのか]],文化による症状表現・価値観・援助希求の違いを評価する意義を整理する,content/03_精神医学/総論・診断・面接
[[精神科における文化的定式化とは何か]],患者の文化的背景や意味づけを診断・治療に組み込む面接枠組みを解説する,content/03_精神医学/総論・診断・面接
[[社会的処方とは何か]],孤立・生活課題・地域資源を治療計画に組み込む考え方を整理する,content/03_精神医学/総論・診断・面接
[[精神科で生活機能をどう評価するか]],ADL・IADL・就労・学業・対人関係・余暇活動を評価する視点を解説する,content/03_精神医学/総論・診断・面接
[[GAFやWHODASは何を評価するのか]],精神疾患に伴う機能障害や生活上の困難を測る評価尺度を整理する,content/03_精神医学/総論・診断・面接
[[精神科で重症度をどう判断するか]],症状の強さ・持続・機能障害・リスク・治療必要性から重症度を評価する,content/03_精神医学/総論・診断・面接
[[精神科治療計画はどのように立てるのか]],診断仮説・目標設定・薬物療法・心理社会的支援を統合する流れを解説する,content/03_精神医学/総論・診断・面接
[[ケースフォーミュレーションとは何か]],症状・背景・維持要因・強みを統合し個別化治療につなげる方法を整理する,content/03_精神医学/総論・診断・面接
[[5Pモデルとは何か]],主訴を現在要因・誘因・素因・維持因子・保護因子で整理する定式化方法を解説する,content/03_精神医学/総論・診断・面接
[[精神科診療における保護因子とは何か]],家族支援・治療意欲・生活構造・価値観など回復を支える要因を整理する,content/03_精神医学/総論・診断・面接
[[再発予防計画とは何か]],早期警告サイン・対処行動・支援先を明確にして再燃を防ぐ方法を解説する,content/03_精神医学/総論・診断・面接
[[クライシスプランとは何か]],危機時に本人・家族・支援者が取る行動を事前に共有する計画を整理する,content/03_精神医学/総論・診断・面接
[[精神科で多職種連携はなぜ重要なのか]],医師・看護師・心理士・精神保健福祉士・作業療法士の役割分担を解説する,content/03_精神医学/総論・診断・面接
[[精神科におけるチーム医療とは何か]],多職種が共通目標に向けて情報共有し支援する仕組みを整理する,content/03_精神医学/総論・診断・面接
[[地域連携は精神科診療で何を意味するのか]],医療機関・行政・福祉・学校・職場との連携を治療継続の観点から解説する,content/03_精神医学/総論・診断・面接
[[精神科紹介状には何を書くべきか]],主訴・経過・リスク・治療歴・依頼目的を簡潔に伝える記載方法を整理する,content/03_精神医学/総論・診断・面接
[[診療録は精神科でどう書くべきか]],主観情報・客観所見・評価・計画を正確かつ法的にも適切に記録する方法を解説する,content/03_精神医学/総論・診断・面接
[[精神科診療でSOAPはどう使うのか]],主観的訴え・精神状態所見・診断評価・治療計画を構造化して記載する方法を整理する,content/03_精神医学/総論・診断・面接
[[精神状態診察MSEとは何か]],外観・行動・気分・思考・知覚・認知・病識を系統的に観察する枠組みを解説する,content/03_精神医学/総論・診断・面接
[[MSEで外観と行動から何を観察するか]],身だしなみ・姿勢・視線・精神運動・協力度から臨床情報を得る方法を整理する,content/03_精神医学/総論・診断・面接
[[MSEで話し方から何がわかるのか]],発語量・速度・声量・流暢性・応答潜時から気分や思考過程を評価する,content/03_精神医学/総論・診断・面接
[[MSEで気分と感情をどう区別するか]],患者が訴える主観的気分と観察される感情表出の違いを整理する,content/03_精神医学/総論・診断・面接
[[MSEで思考過程をどう評価するか]],連合弛緩・迂遠・滅裂・観念奔逸など思考の流れを評価する方法を解説する,content/03_精神医学/総論・診断・面接
[[MSEで思考内容をどう評価するか]],妄想・希死念慮・強迫観念・過価値観念などを確認する視点を整理する,content/03_精神医学/総論・診断・面接
[[MSEで知覚異常をどう聞くか]],幻覚・錯覚・離人感などを患者が話しやすい形で確認する質問法を解説する,content/03_精神医学/総論・診断・面接
[[MSEで認知機能をどう評価するか]],意識・見当識・注意・記憶・抽象思考を短時間で確認する方法を整理する,content/03_精神医学/総論・診断・面接
[[MSEで病識と判断力をどう評価するか]],症状理解・治療必要性の認識・現実的判断を確認する臨床的視点を解説する,content/03_精神医学/総論・診断・面接
[[ミニ精神状態検査MMSEとは何か]],認知症評価に用いられる代表的認知機能スクリーニング検査の構成を整理する,content/03_精神医学/総論・診断・面接
[[MoCAとは何か]],軽度認知障害の検出に有用な認知機能検査の特徴とMMSEとの違いを解説する,content/03_精神医学/総論・診断・面接
[[精神科診断面接で尺度をどう使うか]],PHQ-9・GAD-7などを診断補助や重症度評価に用いる際の注意点を整理する,content/03_精神医学/総論・診断・面接
[[症例プレゼンテーションは精神科でどう行うか]],主訴・経過・精神状態・診断仮説・リスク・治療方針を簡潔に伝える方法を解説する,content/03_精神医学/総論・診断・面接
[[初診後のフォローアップでは何を確認するか]],症状変化・副作用・生活機能・リスク・治療目標の進捗を評価する流れを整理する,content/03_精神医学/総論・診断・面接
[[精神科診療で予後をどう考えるか]],発症年齢・病前機能・治療反応・支援資源・併存症から予後を見立てる,content/03_精神医学/総論・診断・面接
[[精神科におけるスティグマをどう扱うか]],患者が抱える恥や偏見への不安に配慮し治療参加を支える方法を解説する,content/03_精神医学/総論・診断・面接
[[患者中心の精神科診療とは何か]],患者の価値観・生活背景・目標を診療に反映する姿勢と実践を整理する,content/03_精神医学/総論・診断・面接
[[精神科医の自己理解はなぜ必要なのか]],治療者自身の感情・価値観・限界を認識し安全な診療につなげる意義を解説する,content/03_精神医学/総論・診断・面接
[[精神症候学とは何か]],精神症状を記述し分類する学問としての症候学の目的と臨床的意義を整理する,content/03_精神医学/症候学
[[症状と徴候は何が違うのか]],患者が訴える主観的体験と観察者が確認する客観的所見の違いを解説する,content/03_精神医学/症候学
[[意識障害とは何か]],覚醒水準や外界への応答性が低下した状態を精神科・神経内科の両面から整理する,content/03_精神医学/症候学
[[せん妄とは何か]],急性に変動する意識障害と注意障害を中心にせん妄の症候を解説する,content/03_精神医学/症候学
[[見当識障害とは何か]],時間・場所・人物・状況の把握が障害される症候の評価と意義を整理する,content/03_精神医学/症候学
[[注意障害とは何か]],注意の集中・維持・転換・分配の障害が臨床症状として現れる仕組みを解説する,content/03_精神医学/症候学
[[記憶障害とは何か]],記銘・保持・想起の障害を短期記憶・長期記憶・作業記憶に分けて整理する,content/03_精神医学/症候学
[[健忘とは何か]],出来事や情報を思い出せない症状を前向性健忘・逆向性健忘などから解説する,content/03_精神医学/症候学
[[作話とは何か]],記憶の欠損を意図せず埋めるような語りが生じる症候とその背景を整理する,content/03_精神医学/症候学
[[知能低下とは何か]],知的機能や適応機能の低下を発達的視点と後天的変化から整理する,content/03_精神医学/症候学
[[認知機能障害とは何か]],注意・記憶・実行機能・処理速度などの低下を精神疾患横断的に解説する,content/03_精神医学/症候学
[[実行機能障害とは何か]],計画・抑制・柔軟性・問題解決の障害が生活機能に及ぼす影響を整理する,content/03_精神医学/症候学
[[失語とは何か]],言語理解や表出が障害される神経心理症状を精神科鑑別の観点から解説する,content/03_精神医学/症候学
[[失行とは何か]],運動麻痺がないのに目的動作がうまく行えない症候を整理する,content/03_精神医学/症候学
[[失認とは何か]],感覚機能が保たれていても対象を認識できない症候の基本を解説する,content/03_精神医学/症候学
[[気分とは何か]],持続的な感情状態としての気分を感情・情動との違いから整理する,content/03_精神医学/症候学
[[抑うつ気分とは何か]],悲しみ・空虚感・絶望感などが持続する状態を臨床症状として解説する,content/03_精神医学/症候学
[[快感消失とは何か]],以前楽しめていた活動から喜びを感じにくくなる症状の意味を整理する,content/03_精神医学/症候学
[[意欲低下とは何か]],行動を開始・維持する力が低下する症状をうつ病や陰性症状との関連から解説する,content/03_精神医学/症候学
[[精神運動制止とは何か]],思考や動作が遅くなり反応が乏しくなる症候をうつ病の観点から整理する,content/03_精神医学/症候学
[[焦燥とは何か]],落ち着かなさや内的緊張が行動面に現れる状態を解説する,content/03_精神医学/症候学
[[希死念慮とは何か]],死にたい気持ちや消えたい願望を自殺リスク評価の文脈で整理する,content/03_精神医学/症候学
[[自殺念慮と自殺企図は何が違うのか]],自殺を考えることと実際の行動に移すことを区別しリスク評価につなげる,content/03_精神医学/症候学
[[躁状態とは何か]],気分高揚・活動性増加・誇大性・睡眠欲求低下を中心に躁症状を整理する,content/03_精神医学/症候学
[[軽躁状態とは何か]],躁状態より軽いが明らかな気分高揚や活動性増加を示す状態を解説する,content/03_精神医学/症候学
[[易怒性とは何か]],怒りっぽさや刺激への過敏な反応が症状として現れる場面を整理する,content/03_精神医学/症候学
[[気分不安定性とは何か]],気分が短時間または状況に応じて大きく変動する症状の評価を解説する,content/03_精神医学/症候学
[[不安とは何か]],将来の脅威や不確実性に対する心身反応としての不安を整理する,content/03_精神医学/症候学
[[恐怖とは何か]],具体的で差し迫った脅威に対する反応としての恐怖を不安と区別して解説する,content/03_精神医学/症候学
[[パニック発作とは何か]],突然生じる強い恐怖と身体症状を特徴とする発作の症候を整理する,content/03_精神医学/症候学
[[予期不安とは何か]],発作や失敗が再び起こることへの不安が行動を制限する仕組みを解説する,content/03_精神医学/症候学
[[回避行動とは何か]],不安や恐怖を下げるために状況を避ける行動が症状を維持する仕組みを整理する,content/03_精神医学/症候学
[[強迫観念とは何か]],本人の意思に反して繰り返し浮かぶ不快な考えやイメージを解説する,content/03_精神医学/症候学
[[強迫行為とは何か]],不安軽減や災厄防止のために繰り返される行動や儀式を整理する,content/03_精神医学/症候学
[[侵入思考とは何か]],望まない考えやイメージが突然入り込む体験を強迫症やPTSDと関連づけて解説する,content/03_精神医学/症候学
[[フラッシュバックとは何か]],外傷体験が現在起きているかのように再体験される症状を整理する,content/03_精神医学/症候学
[[過覚醒とは何か]],警戒心・驚愕反応・睡眠障害など脅威への過敏状態を解説する,content/03_精神医学/症候学
[[解離とは何か]],意識・記憶・自己感覚・知覚の統合が一時的に変化する症状を整理する,content/03_精神医学/症候学
[[離人感とは何か]],自分が自分でないように感じる自己体験の変容を解説する,content/03_精神医学/症候学
[[現実感消失とは何か]],周囲の世界が非現実的・夢のように感じられる症状を整理する,content/03_精神医学/症候学
[[幻覚とは何か]],外部刺激がないにもかかわらず知覚体験が生じる症候を整理する,content/03_精神医学/症候学
[[幻聴とは何か]],声や音が実際に聞こえるように体験される症状の特徴を解説する,content/03_精神医学/症候学
[[幻視とは何か]],実際には存在しないものが見える症状をせん妄や神経疾患との鑑別から整理する,content/03_精神医学/症候学
[[幻嗅とは何か]],実際にはない臭いを感じる症状をてんかんや精神疾患との関連から解説する,content/03_精神医学/症候学
[[幻味とは何か]],実際にはない味を感じる症状の臨床的意味を整理する,content/03_精神医学/症候学
[[体感幻覚とは何か]],身体内外に異常な感覚を知覚する症状を解説する,content/03_精神医学/症候学
[[錯覚とは何か]],実際に存在する刺激を誤って知覚する現象を幻覚との違いから整理する,content/03_精神医学/症候学
[[妄想とは何か]],訂正困難で文化的文脈にそぐわない確信的信念を症候学的に解説する,content/03_精神医学/症候学
[[被害妄想とは何か]],誰かに害される・監視されると確信する妄想内容を整理する,content/03_精神医学/症候学
[[関係妄想とは何か]],周囲の出来事が自分に特別な関係を持つと確信する症状を解説する,content/03_精神医学/症候学
[[注察妄想とは何か]],他者から見られている・監視されていると感じる妄想的体験を整理する,content/03_精神医学/症候学
[[追跡妄想とは何か]],誰かに尾行されていると確信する被害妄想の一型を解説する,content/03_精神医学/症候学
[[誇大妄想とは何か]],自分に特別な能力・使命・地位があると確信する症状を整理する,content/03_精神医学/症候学
[[罪業妄想とは何か]],自分が重大な罪を犯したと確信する抑うつ性妄想を解説する,content/03_精神医学/症候学
[[貧困妄想とは何か]],実際にはそうでないのに破産や貧困を確信する症状を整理する,content/03_精神医学/症候学
[[心気妄想とは何か]],重大な病気にかかっていると確信する妄想を解説する,content/03_精神医学/症候学
[[嫉妬妄想とは何か]],配偶者や恋人が不貞をしていると確信する症状を整理する,content/03_精神医学/症候学
[[被愛妄想とは何か]],相手が自分を愛していると根拠なく確信する症状を解説する,content/03_精神医学/症候学
[[妄想気分とは何か]],世界が不気味で意味ありげに変化したように感じる統合失調症初期の体験を整理する,content/03_精神医学/症候学
[[妄想着想とは何か]],突然のひらめきとして妄想的確信が成立する現象を解説する,content/03_精神医学/症候学
[[妄想知覚とは何か]],通常の知覚に異常な意味づけが付与され妄想が成立する現象を整理する,content/03_精神医学/症候学
[[自我障害とは何か]],自分の思考・感情・行為が自分のものという感覚が障害される症候を解説する,content/03_精神医学/症候学
[[作為体験とは何か]],自分の行動や感情が外部から操作されていると感じる体験を整理する,content/03_精神医学/症候学
[[思考吹入とは何か]],他者や外部から思考を入れられていると感じる自我障害を解説する,content/03_精神医学/症候学
[[思考奪取とは何か]],自分の考えが外部に抜き取られると感じる症状を整理する,content/03_精神医学/症候学
[[思考伝播とは何か]],自分の考えが周囲に知られている・伝わっていると感じる症状を解説する,content/03_精神医学/症候学
[[思考化声とは何か]],自分の考えが声として聞こえるように体験される症状を整理する,content/03_精神医学/症候学
[[思考途絶とは何か]],思考が突然止まったように感じられる症状を解説する,content/03_精神医学/症候学
[[連合弛緩とは何か]],思考や話題のつながりが弱くなり話がまとまりにくくなる症状を整理する,content/03_精神医学/症候学
[[滅裂思考とは何か]],思考のまとまりが大きく崩れ意味の通じにくい発話となる症状を解説する,content/03_精神医学/症候学
[[観念奔逸とは何か]],思考が次々に飛躍し話題が急速に移り変わる躁状態に多い症状を整理する,content/03_精神医学/症候学
[[迂遠とは何か]],細部にこだわりすぎて話が遠回りになるが最終的には目的に戻る思考障害を解説する,content/03_精神医学/症候学
[[保続とは何か]],同じ言葉・考え・行動が不適切に繰り返される症候を整理する,content/03_精神医学/症候学
[[思考制止とは何か]],思考の速度や流れが遅くなり考えが進まない状態を解説する,content/03_精神医学/症候学
[[思考促迫とは何か]],考えが速く次々に浮かぶ状態を躁状態や不安と関連づけて整理する,content/03_精神医学/症候学
[[貧困思考とは何か]],思考内容が乏しく応答が短くなる症状を陰性症状などとの関連で解説する,content/03_精神医学/症候学
[[強迫的疑念とは何か]],確認しても不安が残り続ける疑念の反復を症候学的に整理する,content/03_精神医学/症候学
[[感情鈍麻とは何か]],感情表出が乏しくなり反応が平板化する症状を解説する,content/03_精神医学/症候学
[[感情平板化とは何か]],表情・声・身振りの情動表出が低下する症候を整理する,content/03_精神医学/症候学
[[感情失禁とは何か]],些細な刺激で泣く・笑うなど感情表出を制御しにくい状態を解説する,content/03_精神医学/症候学
[[感情不適切とは何か]],状況や話題にそぐわない感情表出が見られる症候を整理する,content/03_精神医学/症候学
[[両価性とは何か]],相反する感情や態度が同時に存在し決断や行動が困難になる状態を解説する,content/03_精神医学/症候学
[[無為とは何か]],目的ある活動が著しく減少し自発性が低下する症候を整理する,content/03_精神医学/症候学
[[無関心とは何か]],関心や感情的反応が低下する状態をうつや認知症との関連から解説する,content/03_精神医学/症候学
[[昏迷とは何か]],意識清明に見えても運動や発語が著しく低下する状態を整理する,content/03_精神医学/症候学
[[カタトニアとは何か]],昏迷・拒絶・常同・蝋屈症などを特徴とする精神運動症候群を解説する,content/03_精神医学/症候学
[[蝋屈症とは何か]],他者に取らされた姿勢を不自然に保持するカタトニア症状を整理する,content/03_精神医学/症候学
[[常同行動とは何か]],目的が明確でない同じ動作が反復される症候を解説する,content/03_精神医学/症候学
[[衒奇症とは何か]],不自然で奇妙な身振りや表情がみられる症候を整理する,content/03_精神医学/症候学
[[拒絶症とは何か]],指示や働きかけに対して抵抗または反対の行動を示す症状を解説する,content/03_精神医学/症候学
[[緘黙とは何か]],発語能力があるにもかかわらず話さない状態を症候学的に整理する,content/03_精神医学/症候学
[[多動とは何か]],活動量が過剰で落ち着きのない状態を発達症や躁状態と関連づけて解説する,content/03_精神医学/症候学
[[衝動性とは何か]],結果を十分考えずに行動してしまう傾向を精神症状として整理する,content/03_精神医学/症候学
[[攻撃性とは何か]],他者や物への危害につながる行動傾向をリスク評価の観点から解説する,content/03_精神医学/症候学
[[睡眠障害とは何か]],不眠・過眠・睡眠リズム障害・異常睡眠行動を症候学的に整理する,content/03_精神医学/症候学
[[不眠とは何か]],入眠困難・中途覚醒・早朝覚醒・熟眠困難を区別して解説する,content/03_精神医学/症候学
[[過眠とは何か]],睡眠時間の過剰や日中の眠気が問題となる症候を整理する,content/03_精神医学/症候学
[[食欲低下とは何か]],うつ病・身体疾患・薬剤・ストレスに伴う食欲低下を評価する視点を解説する,content/03_精神医学/症候学
[[過食とは何か]],制御困難な食行動や情動調整としての摂食を症候学的に整理する,content/03_精神医学/症候学
[[身体化とは何か]],心理的苦痛が身体症状として表現される現象を解説する,content/03_精神医学/症候学
[[心気症状とは何か]],身体疾患への過度な心配や確信が持続する症状を整理する,content/03_精神医学/症候学
[[疼痛症状は精神科でどう評価するか]],慢性疼痛と気分・不安・身体症状症との関連を解説する,content/03_精神医学/症候学
[[性欲低下とは何か]],うつ病・薬剤副作用・身体疾患・対人関係要因から評価する症候を整理する,content/03_精神医学/症候学
[[性別違和とは何か]],出生時に割り当てられた性と自己の性同一性の不一致による苦痛を整理する,content/03_精神医学/症候学
[[病識欠如とは何か]],自分の症状や疾患を認識できない状態を精神病性障害や認知症との関連から解説する,content/03_精神医学/症候学
[[拒薬とは何か]],服薬を拒む背景を病識・副作用・不信感・価値観から整理する,content/03_精神医学/症候学
[[アカシジアとは何か]],じっとしていられない内的焦燥を伴う薬剤性症状を解説する,content/03_精神医学/症候学
[[ジストニアとは何か]],筋緊張異常による不随意な姿勢や運動を薬剤性副作用として整理する,content/03_精神医学/症候学
[[パーキンソニズムとは何か]],振戦・筋強剛・寡動などを抗精神病薬副作用や神経疾患との関連で解説する,content/03_精神医学/症候学
[[遅発性ジスキネジアとは何か]],長期抗精神病薬使用後に生じうる不随意運動を整理する,content/03_精神医学/症候学
[[悪性症候群ではどのような症状が出るのか]],発熱・筋強剛・自律神経症状・意識障害を伴う重篤な薬剤性症候群を解説する,content/03_精神医学/症候学
[[セロトニン症候群ではどのような症状が出るのか]],精神症状・自律神経症状・神経筋症状の三徴から重症度を整理する,content/03_精神医学/症候学
[[離脱症状とは何か]],物質や薬剤の中止・減量後に生じる身体・精神症状を解説する,content/03_精神医学/症候学
[[中毒症状とは何か]],物質使用により意識・認知・感情・行動が変化する状態を整理する,content/03_精神医学/症候学
[[フレイルと精神症状はどう関係するのか]],高齢者の身体的脆弱性と抑うつ・認知機能低下・せん妄の関係を解説する,content/03_精神医学/症候学
[[精神症状の横断的評価とは何か]],診断名に先立ち症状の種類・程度・経過・リスクを整理する方法を解説する,content/03_精神医学/症候学
[[統合失調症とは何か]],幻覚や妄想だけでなく陰性症状や認知機能障害を含む代表的精神病性障害を整理する,content/03_精神医学/疾患・症候群
[[統合失調症の陽性症状とは何か]],幻覚・妄想・思考障害など現実検討の障害として現れる症状群を解説する,content/03_精神医学/疾患・症候群
[[統合失調症の陰性症状とは何か]],感情鈍麻・意欲低下・社会的引きこもりなど機能低下に直結する症状群を整理する,content/03_精神医学/疾患・症候群
[[統合失調症の認知機能障害とは何か]],注意・作業記憶・実行機能・処理速度の低下が生活機能に与える影響を解説する,content/03_精神医学/疾患・症候群
[[統合失調症の前駆期とは何か]],発症前にみられる軽微な精神病症状や機能低下を早期支援の観点から整理する,content/03_精神医学/疾患・症候群
[[初回エピソード精神病とは何か]],初めて明確な精神病症状を呈した段階での評価・鑑別・早期介入を解説する,content/03_精神医学/疾患・症候群
[[急性一過性精神病性障害とは何か]],急性発症し短期間で軽快する精神病性障害を統合失調症との違いから整理する,content/03_精神医学/疾患・症候群
[[短期精神病性障害とは何か]],短期間の妄想・幻覚・解体症状を示す病態をストレス因子との関連から解説する,content/03_精神医学/疾患・症候群
[[妄想性障害とは何か]],比較的体系化された妄想を主症状とし全般的機能が保たれやすい疾患を整理する,content/03_精神医学/疾患・症候群
[[被害型妄想性障害とは何か]],迫害や監視を確信する妄想が中心となる病態を臨床対応の注意点とともに解説する,content/03_精神医学/疾患・症候群
[[嫉妬型妄想性障害とは何か]],パートナーの不貞を確信する妄想が対人関係や暴力リスクに及ぼす影響を整理する,content/03_精神医学/疾患・症候群
[[被愛型妄想性障害とは何か]],相手が自分を愛していると確信する病態をストーキングリスクと関連づけて解説する,content/03_精神医学/疾患・症候群
[[身体型妄想性障害とは何か]],身体の異常や病気を妄想的に確信する病態を心気症状との違いから整理する,content/03_精神医学/疾患・症候群
[[統合失調感情障害とは何か]],統合失調症症状と気分エピソードが併存する疾患を診断上のポイントから解説する,content/03_精神医学/疾患・症候群
[[統合失調型パーソナリティ障害とは何か]],奇異な思考・知覚体験・対人不安を特徴とする病態を精神病性障害との連続性から整理する,content/03_精神医学/疾患・症候群
[[緊張病とは何か]],昏迷・拒絶・常同・興奮などの精神運動症状を呈する症候群を鑑別と治療から整理する,content/03_精神医学/疾患・症候群
[[悪性緊張病とは何か]],発熱や自律神経症状を伴い生命に関わる緊張病を悪性症候群との鑑別から解説する,content/03_精神医学/疾患・症候群
[[遅発性精神病とは何か]],中高年以降に初発する精神病症状を認知症・身体疾患・薬剤性との鑑別から整理する,content/03_精神医学/疾患・症候群
[[産褥期精神病とは何か]],出産後に急性発症する重篤な精神病状態を気分障害・自他害リスクと関連づけて解説する,content/03_精神医学/疾患・症候群
[[薬剤性精神病とは何か]],ステロイドやドパミン作動薬などにより生じる精神病症状を評価と対応から整理する,content/03_精神医学/疾患・症候群
[[物質誘発性精神病とは何か]],覚醒剤・大麻・アルコールなどの物質使用に伴う精神病症状を解説する,content/03_精神医学/疾患・症候群
[[器質性精神病とは何か]],脳疾患や全身疾患を背景に出現する精神病症状を見逃さないための視点を整理する,content/03_精神医学/疾患・症候群
[[共有精神病性障害とは何か]],密接な関係にある他者へ妄想的信念が共有される病態を解説する,content/03_精神医学/疾患・症候群
[[統合失調症の再発とは何か]],服薬中断・ストレス・睡眠障害などが再燃に関わる仕組みと予防を整理する,content/03_精神医学/疾患・症候群
[[治療抵抗性統合失調症とは何か]],十分な抗精神病薬治療でも改善しにくい病態をクロザピン適応を含めて解説する,content/03_精神医学/疾患・症候群
[[うつ病とは何か]],抑うつ気分や興味喪失を中核とし身体症状や認知症状も伴う気分障害を整理する,content/03_精神医学/疾患・症候群
[[大うつ病性障害とは何か]],一定期間持続する抑うつエピソードを中心に診断・重症度・機能障害を解説する,content/03_精神医学/疾患・症候群
[[持続性抑うつ障害とは何か]],慢性的な抑うつ気分が続く病態を気分変調症との関連から整理する,content/03_精神医学/疾患・症候群
[[メランコリー型うつ病とは何か]],強い快感消失・日内変動・精神運動症状を特徴とするうつ病亜型を解説する,content/03_精神医学/疾患・症候群
[[非定型うつ病とは何か]],気分反応性・過眠・過食・鉛様麻痺・拒絶過敏性を特徴とする病態を整理する,content/03_精神医学/疾患・症候群
[[精神病性うつ病とは何か]],罪業妄想や貧困妄想などを伴う重症うつ病を自殺リスクとともに解説する,content/03_精神医学/疾患・症候群
[[産後うつ病とは何か]],出産後に生じる抑うつ症状を母子関係・睡眠・支援体制の観点から整理する,content/03_精神医学/疾患・症候群
[[季節性うつ病とは何か]],季節変動を伴う抑うつエピソードを光環境や概日リズムと関連づけて解説する,content/03_精神医学/疾患・症候群
[[双極性障害とは何か]],躁・軽躁・うつのエピソードを繰り返す気分障害を診断と治療の観点から整理する,content/03_精神医学/疾患・症候群
[[双極I型障害とは何か]],明確な躁エピソードを呈する双極性障害をうつ病との鑑別から解説する,content/03_精神医学/疾患・症候群
[[双極II型障害とは何か]],軽躁エピソードとうつエピソードを特徴とする病態を診断の難しさとともに整理する,content/03_精神医学/疾患・症候群
[[気分循環性障害とは何か]],軽いうつ症状と軽躁症状が慢性的に変動する病態を解説する,content/03_精神医学/疾患・症候群
[[躁病エピソードとは何か]],気分高揚・活動性増加・誇大性・睡眠欲求低下を中心に躁状態を整理する,content/03_精神医学/疾患・症候群
[[軽躁病エピソードとは何か]],機能障害が比較的軽い気分高揚状態を見逃さないための評価を解説する,content/03_精神医学/疾患・症候群
[[混合性特徴とは何か]],うつ症状と躁症状が同時に存在する状態を自殺リスクや治療選択と関連づけて整理する,content/03_精神医学/疾患・症候群
[[急速交代型双極性障害とは何か]],気分エピソードが短期間に反復する病態を予後・治療反応の観点から解説する,content/03_精神医学/疾患・症候群
[[気分障害における自殺リスクとは何か]],うつ病・双極性障害で自殺リスクが高まる要因と評価法を整理する,content/03_精神医学/疾患・症候群
[[治療抵抗性うつ病とは何か]],複数の治療に反応しにくいうつ病を鑑別・併存症・治療戦略から解説する,content/03_精神医学/疾患・症候群
[[難治性双極性障害とは何か]],再発を繰り返し機能低下を伴う双極性障害の評価と治療課題を整理する,content/03_精神医学/疾患・症候群
[[月経前不快気分障害とは何か]],月経周期に伴う気分症状と生活障害をホルモン変動との関連から解説する,content/03_精神医学/疾患・症候群
[[抑うつを伴う適応障害とは何か]],明確なストレス因子に続く抑うつ反応をうつ病との違いから整理する,content/03_精神医学/疾患・症候群
[[身体疾患による気分障害とは何か]],甲状腺疾患や神経疾患などが気分症状を起こす病態を解説する,content/03_精神医学/疾患・症候群
[[薬剤性うつ症状とは何か]],薬剤や物質が抑うつ症状を誘発する可能性を評価する視点を整理する,content/03_精神医学/疾患・症候群
[[喪失反応と大うつ病はどう違うのか]],悲嘆反応とうつ病性エピソードの鑑別を臨床的特徴から解説する,content/03_精神医学/疾患・症候群
[[複雑性悲嘆とは何か]],喪失後の悲嘆が長期化し生活機能を妨げる病態を整理する,content/03_精神医学/疾患・症候群
[[不安症群とは何か]],過剰な恐怖や不安と回避行動を特徴とする疾患群を概観する,content/03_精神医学/疾患・症候群
[[全般不安症とは何か]],多領域への過剰な心配が持続する病態を身体症状や認知的特徴から整理する,content/03_精神医学/疾患・症候群
[[パニック症とは何か]],反復するパニック発作と予期不安・回避を特徴とする疾患を解説する,content/03_精神医学/疾患・症候群
[[広場恐怖症とは何か]],逃げにくい場所や助けが得にくい状況への恐怖と回避を整理する,content/03_精神医学/疾患・症候群
[[社交不安症とは何か]],他者からの評価を恐れて社会的場面を避ける病態を解説する,content/03_精神医学/疾患・症候群
[[限局性恐怖症とは何か]],特定の対象や状況に対する強い恐怖と回避を整理する,content/03_精神医学/疾患・症候群
[[分離不安症とは何か]],愛着対象から離れることへの過剰な不安を発達段階と関連づけて解説する,content/03_精神医学/疾患・症候群
[[選択性緘黙とは何か]],特定場面で話せなくなる病態を不安症との関係から整理する,content/03_精神医学/疾患・症候群
[[強迫症とは何か]],強迫観念と強迫行為が苦痛や生活障害を引き起こす疾患を解説する,content/03_精神医学/疾患・症候群
[[身体醜形症とは何か]],外見上の欠点へのとらわれが著しい苦痛を生む疾患を整理する,content/03_精神医学/疾患・症候群
[[ためこみ症とは何か]],物を捨てられず生活空間や機能に障害をきたす病態を解説する,content/03_精神医学/疾患・症候群
[[抜毛症とは何か]],反復的に毛を抜く行動とその緊張緩和機能を整理する,content/03_精神医学/疾患・症候群
[[皮膚むしり症とは何か]],皮膚を繰り返しむしる行動が損傷や苦痛を生む疾患を解説する,content/03_精神医学/疾患・症候群
[[PTSDとは何か]],外傷体験後の侵入症状・回避・認知気分変化・過覚醒を整理する,content/03_精神医学/疾患・症候群
[[急性ストレス障害とは何か]],外傷後早期に出現するストレス症状をPTSDとの違いから解説する,content/03_精神医学/疾患・症候群
[[複雑性PTSDとは何か]],長期反復性トラウマに伴う情動調整困難や対人関係障害を整理する,content/03_精神医学/疾患・症候群
[[適応障害とは何か]],明確なストレス因子への反応として情緒や行動の症状が出る病態を解説する,content/03_精神医学/疾患・症候群
[[解離症群とは何か]],意識・記憶・自己感覚・知覚の統合が障害される疾患群を概観する,content/03_精神医学/疾患・症候群
[[解離性同一性症とは何か]],複数の自己状態と記憶の断絶を特徴とする疾患を解説する,content/03_精神医学/疾患・症候群
[[解離性健忘とは何か]],重要な自伝的情報を想起できない病態をトラウマとの関連から整理する,content/03_精神医学/疾患・症候群
[[離人感現実感消失症とは何か]],自己や外界の現実感が変化する体験が持続する病態を解説する,content/03_精神医学/疾患・症候群
[[身体症状症とは何か]],身体症状への過度な思考・感情・行動が苦痛を生む疾患を整理する,content/03_精神医学/疾患・症候群
[[病気不安症とは何か]],重大な病気への強い心配が持続する病態を解説する,content/03_精神医学/疾患・症候群
[[変換症とは何か]],神経学的症状が心理社会的要因と関連して出現する病態を整理する,content/03_精神医学/疾患・症候群
[[作為症とは何か]],病者役割を得るために症状を偽装または誘発する病態を解説する,content/03_精神医学/疾患・症候群
[[虚偽性障害とは何か]],明白な外的利得なしに病気を装う行動を評価の難しさとともに整理する,content/03_精神医学/疾患・症候群
[[詐病とは何か]],外的利得を目的として症状を意図的に偽装する状態を臨床評価から解説する,content/03_精神医学/疾患・症候群
[[摂食障害群とは何か]],摂食行動・体重・体形へのこだわりを特徴とする疾患群を概観する,content/03_精神医学/疾患・症候群
[[神経性やせ症とは何か]],低体重・肥満恐怖・体形認知の歪みを中心に病態を整理する,content/03_精神医学/疾患・症候群
[[神経性過食症とは何か]],過食と代償行動が反復する疾患を身体合併症とともに解説する,content/03_精神医学/疾患・症候群
[[過食性障害とは何か]],代償行動を伴わない反復的過食を特徴とする病態を整理する,content/03_精神医学/疾患・症候群
[[回避制限性食物摂取症とは何か]],体形へのこだわりを伴わず食物摂取が制限される病態を解説する,content/03_精神医学/疾患・症候群
[[異食症とは何か]],非栄養物を反復摂取する行動を発達や身体リスクとともに整理する,content/03_精神医学/疾患・症候群
[[反芻症とは何か]],食物の逆流と再咀嚼が反復する摂食関連疾患を解説する,content/03_精神医学/疾患・症候群
[[睡眠覚醒障害群とは何か]],不眠・過眠・概日リズム障害・睡眠時随伴症などを概観する,content/03_精神医学/疾患・症候群
[[不眠障害とは何か]],入眠困難・中途覚醒・早朝覚醒による日中機能障害を整理する,content/03_精神医学/疾患・症候群
[[過眠障害とは何か]],過度の眠気や長時間睡眠を主症状とする病態を解説する,content/03_精神医学/疾患・症候群
[[ナルコレプシーとは何か]],睡眠発作・情動脱力発作・睡眠麻痺などを特徴とする睡眠障害を整理する,content/03_精神医学/疾患・症候群
[[概日リズム睡眠覚醒障害とは何か]],体内時計と社会的時間のずれにより睡眠障害が生じる病態を解説する,content/03_精神医学/疾患・症候群
[[睡眠時随伴症とは何か]],睡眠中の異常行動や体験を含む疾患群を整理する,content/03_精神医学/疾患・症候群
[[レム睡眠行動障害とは何か]],夢内容に一致した行動が睡眠中に出る病態を神経変性疾患との関連から解説する,content/03_精神医学/疾患・症候群
[[むずむず脚症候群とは何か]],下肢の不快感と動かしたい衝動を特徴とする睡眠関連運動障害を整理する,content/03_精神医学/疾患・症候群
[[物質使用障害とは何か]],物質使用の制御困難・有害な使用継続・耐性や離脱を特徴とする疾患を概観する,content/03_精神医学/疾患・症候群
[[アルコール使用障害とは何か]],飲酒制御困難と健康・社会生活への悪影響を中心に病態を整理する,content/03_精神医学/疾患・症候群
[[アルコール離脱とは何か]],断酒や減酒後に出現する振戦・発汗・不眠・けいれんなどを解説する,content/03_精神医学/疾患・症候群
[[振戦せん妄とは何か]],アルコール離脱の重症型として意識障害や自律神経症状を伴う状態を整理する,content/03_精神医学/疾患・症候群
[[ウェルニッケ脳症とは何か]],チアミン欠乏により意識障害・眼球運動障害・運動失調を来す病態を解説する,content/03_精神医学/疾患・症候群
[[コルサコフ症候群とは何か]],アルコール関連の記憶障害と作話を特徴とする病態を整理する,content/03_精神医学/疾患・症候群
[[覚醒剤使用障害とは何か]],覚醒剤による依存・精神病症状・身体リスクを整理する,content/03_精神医学/疾患・症候群
[[大麻使用障害とは何か]],大麻使用に伴う依存・不安・精神病リスクを解説する,content/03_精神医学/疾患・症候群
[[オピオイド使用障害とは何か]],鎮痛薬や違法オピオイドの使用制御困難と離脱・過量摂取リスクを整理する,content/03_精神医学/疾患・症候群
[[鎮静薬使用障害とは何か]],ベンゾジアゼピンなどの乱用・依存・離脱を解説する,content/03_精神医学/疾患・症候群
[[カフェイン関連障害とは何か]],カフェイン過量摂取や離脱による不安・不眠・身体症状を整理する,content/03_精神医学/疾患・症候群
[[ニコチン使用障害とは何か]],喫煙やニコチン摂取の依存形成と離脱症状を解説する,content/03_精神医学/疾患・症候群
[[ギャンブル障害とは何か]],物質を伴わない依存としての賭博行動の制御困難を整理する,content/03_精神医学/疾患・症候群
[[ゲーム行動症とは何か]],ゲームへの制御困難と生活機能障害を特徴とする病態を解説する,content/03_精神医学/疾患・症候群
[[インターネット依存とは何か]],オンライン活動の制御困難と睡眠・学業・対人関係への影響を整理する,content/03_精神医学/疾患・症候群
[[依存症における渇望とは何か]],物質や行動への強い欲求が再使用や再発に関わる仕組みを解説する,content/03_精神医学/疾患・症候群
[[発達障害群とは何か]],神経発達上の特性により学習・社会性・行動調整に困難を生じる疾患群を概観する,content/03_精神医学/疾患・症候群
[[自閉スペクトラム症とは何か]],社会的コミュニケーションの困難と限定反復行動を特徴とする神経発達症を整理する,content/03_精神医学/疾患・症候群
[[ADHDとは何か]],不注意・多動性・衝動性を特徴とする神経発達症を解説する,content/03_精神医学/疾患・症候群
[[限局性学習症とは何か]],読字・書字・算数など特定領域の学習困難を整理する,content/03_精神医学/疾患・症候群
[[知的発達症とは何か]],知的機能と適応機能の制限を特徴とする発達症を解説する,content/03_精神医学/疾患・症候群
[[発達性協調運動症とは何か]],運動の不器用さや協調困難が生活や学業に影響する病態を整理する,content/03_精神医学/疾患・症候群
[[チック症とは何か]],突然で反復的な運動または音声チックを特徴とする疾患を解説する,content/03_精神医学/疾患・症候群
[[トゥレット症とは何か]],運動チックと音声チックが持続する神経発達症を整理する,content/03_精神医学/疾患・症候群
[[発達性言語症とは何か]],言語理解や表出の発達に困難を示す疾患を解説する,content/03_精神医学/疾患・症候群
[[社会的コミュニケーション症とは何か]],語用論的コミュニケーションの困難を中心とする病態を整理する,content/03_精神医学/疾患・症候群
[[反抗挑発症とは何か]],怒りっぽさ・反抗・挑発的行動が持続する小児青年期の疾患を解説する,content/03_精神医学/疾患・症候群
[[素行症とは何か]],他者の権利や社会規範を反復して侵害する行動パターンを整理する,content/03_精神医学/疾患・症候群
[[間欠爆発症とは何か]],衝動的な攻撃行動が反復する疾患を解説する,content/03_精神医学/疾患・症候群
[[窃盗症とは何か]],必要性ではなく衝動に駆られて盗む行動が反復する疾患を整理する,content/03_精神医学/疾患・症候群
[[放火症とは何か]],火をつけたい衝動や緊張解放を伴う反復的放火行動を解説する,content/03_精神医学/疾患・症候群
[[神経認知障害群とは何か]],認知機能低下を主徴とする疾患群をせん妄・軽度・重度に分けて概観する,content/03_精神医学/疾患・症候群
[[せん妄とは何か]],急性に発症し変動する注意と意識の障害を特徴とする病態を整理する,content/03_精神医学/疾患・症候群
[[軽度認知障害とは何か]],認知機能低下はあるが日常生活自立が大きく保たれる状態を解説する,content/03_精神医学/疾患・症候群
[[認知症とは何か]],認知機能低下により日常生活に支障をきたす症候群を整理する,content/03_精神医学/疾患・症候群
[[アルツハイマー型認知症とは何か]],記憶障害を中心に進行する代表的認知症を病理と症状から解説する,content/03_精神医学/疾患・症候群
[[血管性認知症とは何か]],脳血管障害に関連して認知機能が低下する病態を整理する,content/03_精神医学/疾患・症候群
[[レビー小体型認知症とは何か]],認知変動・幻視・パーキンソニズムを特徴とする認知症を解説する,content/03_精神医学/疾患・症候群
[[前頭側頭型認知症とは何か]],人格変化・行動異常・言語障害を中心に呈する認知症を整理する,content/03_精神医学/疾患・症候群
[[パーキンソン病認知症とは何か]],パーキンソン病経過中に出現する認知機能障害を解説する,content/03_精神医学/疾患・症候群
[[ハンチントン病に伴う精神症状とは何か]],舞踏運動・認知低下・気分症状を伴う遺伝性神経疾患を整理する,content/03_精神医学/疾患・症候群
[[高次脳機能障害とは何か]],脳損傷後の記憶・注意・遂行機能・社会的行動の障害を解説する,content/03_精神医学/疾患・症候群
[[てんかんに伴う精神症状とは何か]],発作前後や発作間欠期にみられる気分・精神病・認知症状を整理する,content/03_精神医学/疾患・症候群
[[頭部外傷後精神症状とは何か]],外傷性脳損傷後の認知・気分・行動変化を解説する,content/03_精神医学/疾患・症候群
[[脳腫瘍に伴う精神症状とは何か]],腫瘍部位や脳圧変化に関連する人格変化・認知症状・精神病症状を整理する,content/03_精神医学/疾患・症候群
[[内分泌疾患に伴う精神症状とは何か]],甲状腺・副腎・糖代謝異常などが気分や認知に及ぼす影響を解説する,content/03_精神医学/疾患・症候群
[[パーソナリティ障害群とは何か]],長期にわたる認知・感情・対人関係・衝動制御の偏りを概観する,content/03_精神医学/疾患・症候群
[[境界性パーソナリティ障害とは何か]],感情不安定性・対人関係の揺れ・衝動性を特徴とする病態を整理する,content/03_精神医学/疾患・症候群
[[自己愛性パーソナリティ障害とは何か]],誇大性・賞賛欲求・共感性の乏しさを特徴とする病態を解説する,content/03_精神医学/疾患・症候群
[[反社会性パーソナリティ障害とは何か]],他者の権利を侵害する行動パターンと衝動性を整理する,content/03_精神医学/疾患・症候群
[[演技性パーソナリティ障害とは何か]],注目を求める行動や感情表出の誇張を特徴とする病態を解説する,content/03_精神医学/疾患・症候群
[[妄想性パーソナリティ障害とは何か]],他者への不信や疑念が持続する対人様式を整理する,content/03_精神医学/疾患・症候群
[[シゾイドパーソナリティ障害とは何か]],対人関係への関心の乏しさや感情表出の少なさを特徴とする病態を解説する,content/03_精神医学/疾患・症候群
[[回避性パーソナリティ障害とは何か]],批判や拒絶への過敏さにより対人関係を避ける病態を整理する,content/03_精神医学/疾患・症候群
[[依存性パーソナリティ障害とは何か]],他者に世話や判断を過度に委ねる傾向を特徴とする病態を解説する,content/03_精神医学/疾患・症候群
[[強迫性パーソナリティ障害とは何か]],秩序・完全主義・統制へのこだわりが柔軟性を損なう病態を整理する,content/03_精神医学/疾患・症候群
[[パーソナリティ機能の障害とは何か]],自己同一性・自己方向性・共感・親密性の障害としてパーソナリティ病理を解説する,content/03_精神医学/疾患・症候群
[[パーソナリティ障害と発達特性はどう鑑別するのか]],対人困難や感情調整困難の背景を発達症と比較して整理する,content/03_精神医学/疾患・症候群
[[パーソナリティ障害と双極性障害はどう鑑別するのか]],気分変動の時間経過や誘因を比較して診断上の違いを解説する,content/03_精神医学/疾患・症候群
[[パーソナリティ障害と複雑性PTSDはどう関係するのか]],情動調整困難や対人問題をトラウマ歴と関連づけて整理する,content/03_精神医学/疾患・症候群
[[自傷を伴う境界性パーソナリティ障害とは何か]],感情調整や対人不安に関連する自傷行為を病態理解から解説する,content/03_精神医学/疾患・症候群
[[性別違和とは何か]],自己の性同一性と出生時に割り当てられた性の不一致による苦痛を整理する,content/03_精神医学/疾患・症候群
[[性機能障害群とは何か]],性欲・興奮・オルガズム・疼痛に関わる障害を概観する,content/03_精神医学/疾患・症候群
[[勃起障害とは何か]],勃起の達成や維持の困難を身体・心理・薬剤要因から解説する,content/03_精神医学/疾患・症候群
[[早漏とは何か]],射精コントロールの困難と苦痛を伴う性機能障害を整理する,content/03_精神医学/疾患・症候群
[[女性オルガズム障害とは何か]],オルガズムの遅延・欠如・強度低下を心理身体的要因から解説する,content/03_精神医学/疾患・症候群
[[性欲低下障害とは何か]],性的関心や欲求の低下が苦痛を伴う状態を整理する,content/03_精神医学/疾患・症候群
[[性交疼痛症とは何か]],性交時の疼痛や恐怖が性機能と関係性に与える影響を解説する,content/03_精神医学/疾患・症候群
[[パラフィリア症群とは何か]],非典型的な性的関心が苦痛や他者被害と結びつく場合を整理する,content/03_精神医学/疾患・症候群
[[窃視症とは何か]],同意のない他者を覗く行為に性的興奮を伴う病態を解説する,content/03_精神医学/疾患・症候群
[[露出症とは何か]],同意のない他者へ性器を露出する行為を特徴とする病態を整理する,content/03_精神医学/疾患・症候群
[[小児性愛障害とは何か]],小児への持続的性的関心がある場合の評価と安全管理を解説する,content/03_精神医学/疾患・症候群
[[サディズム障害とは何か]],他者の苦痛に性的興奮を伴い被害につながる病態を整理する,content/03_精神医学/疾患・症候群
[[マゾヒズム障害とは何か]],自身の苦痛や屈辱に性的興奮を伴い苦痛や危険を生む場合を解説する,content/03_精神医学/疾患・症候群
[[フェティシズム障害とは何か]],特定物品や身体部位への性的焦点化が苦痛や機能障害を生む病態を整理する,content/03_精神医学/疾患・症候群
[[服装倒錯障害とは何か]],異性装に伴う性的興奮が苦痛や機能障害をもたらす場合を解説する,content/03_精神医学/疾患・症候群
[[破壊的衝動制御素行症群とは何か]],怒り・攻撃・規範違反を中心とする疾患群を概観する,content/03_精神医学/疾患・症候群
[[自殺関連行動障害とは何か]],自殺企図や反復的自殺関連行動を診断横断的に評価する枠組みを整理する,content/03_精神医学/疾患・症候群
[[非自殺性自傷とは何か]],死ぬ意図なく身体を傷つける行動を感情調整や対人機能から解説する,content/03_精神医学/疾患・症候群
[[自傷行為を伴う疾患には何があるのか]],境界性パーソナリティ障害・うつ病・発達症などとの関連を整理する,content/03_精神医学/疾患・症候群
[[攻撃行動を伴う精神疾患には何があるのか]],精神病・躁状態・物質使用・認知症などをリスク評価の観点から解説する,content/03_精神医学/疾患・症候群
[[精神科救急でみる疾患・症候群には何があるのか]],せん妄・精神病・躁状態・自殺危機・薬物中毒などを概観する,content/03_精神医学/疾患・症候群
[[中毒性精神障害とは何か]],物質や薬剤による意識・認知・気分・行動の変化を整理する,content/03_精神医学/疾患・症候群
[[離脱性精神障害とは何か]],物質中止後に生じる不安・不眠・せん妄・けいれんなどを解説する,content/03_精神医学/疾患・症候群
[[薬剤性アカシジアとは何か]],抗精神病薬などで生じる内的焦燥と自殺リスクを整理する,content/03_精神医学/疾患・症候群
[[悪性症候群とは何か]],抗精神病薬などに関連する発熱・筋強剛・意識障害を伴う重篤な症候群を解説する,content/03_精神医学/疾患・症候群
[[セロトニン症候群とは何か]],セロトニン作用増強により生じる精神症状・自律神経症状・神経筋症状を整理する,content/03_精神医学/疾患・症候群
[[抗コリン性せん妄とは何か]],抗コリン薬や過量服薬に伴う意識障害・幻覚・自律神経症状を解説する,content/03_精神医学/疾患・症候群
[[ステロイド精神病とは何か]],副腎皮質ステロイド使用に伴う躁症状・うつ症状・精神病症状を整理する,content/03_精神医学/疾患・症候群
[[甲状腺機能亢進症に伴う精神症状とは何か]],不安・不眠・焦燥・気分変動などを身体疾患として鑑別する視点を解説する,content/03_精神医学/疾患・症候群
[[甲状腺機能低下症に伴う精神症状とは何か]],抑うつ・認知低下・精神運動制止などを身体疾患との関連から整理する,content/03_精神医学/疾患・症候群
[[自己免疫性脳炎に伴う精神症状とは何か]],急性精神病症状や意識障害を伴う病態を見逃さないための視点を解説する,content/03_精神医学/疾患・症候群
[[抗NMDA受容体脳炎とは何か]],精神症状・けいれん・自律神経症状を伴う自己免疫性脳炎を整理する,content/03_精神医学/疾患・症候群
[[PANDASとは何か]],感染後に強迫症状やチックが急性発症する小児病態を解説する,content/03_精神医学/疾患・症候群
[[PANSとは何か]],急性発症の強迫症状や摂食制限を伴う小児神経精神症候群を整理する,content/03_精神医学/疾患・症候群
[[せん妄と認知症はどう違うのか]],急性変動性の意識障害と慢性進行性の認知低下を比較して解説する,content/03_精神医学/疾患・症候群
[[うつ病と認知症はどう鑑別するのか]],仮性認知症や高齢者うつを認知症と区別する評価を整理する,content/03_精神医学/疾患・症候群
[[双極性障害とうつ病はどう鑑別するのか]],軽躁歴・家族歴・抗うつ薬反応・病相経過から鑑別する視点を解説する,content/03_精神医学/疾患・症候群
[[統合失調症と双極性障害はどう鑑別するのか]],精神病症状と気分エピソードの時間関係から診断を整理する,content/03_精神医学/疾患・症候群
[[統合失調症と自閉スペクトラム症はどう鑑別するのか]],対人困難・奇異性・感覚特性・精神病症状の違いを解説する,content/03_精神医学/疾患・症候群
[[ADHDとうつ病はどう鑑別するのか]],不注意や意欲低下の背景を発達歴と気分変動から整理する,content/03_精神医学/疾患・症候群
[[ADHDと双極性障害はどう鑑別するのか]],衝動性や多動が持続特性か病相性変化かを比較して解説する,content/03_精神医学/疾患・症候群
[[不安症とうつ病はどう併存するのか]],不安と抑うつが相互に悪化し治療反応に影響する仕組みを整理する,content/03_精神医学/疾患・症候群
[[強迫症と強迫性パーソナリティ障害はどう違うのか]],自我違和的な強迫症状と性格傾向としての完全主義を比較する,content/03_精神医学/疾患・症候群
[[PTSDとうつ病はどう併存するのか]],外傷記憶・回避・抑うつ気分が重なり合う病態を解説する,content/03_精神医学/疾患・症候群
[[解離症と精神病性障害はどう鑑別するのか]],幻聴様体験・自己感覚変容・トラウマ歴を評価する視点を整理する,content/03_精神医学/疾患・症候群
[[身体症状症とうつ病はどう関係するのか]],身体症状へのとらわれと抑うつ気分が相互に影響する病態を解説する,content/03_精神医学/疾患・症候群
[[摂食障害とうつ病はどう併存するのか]],体重・体形へのこだわりと気分症状の相互作用を整理する,content/03_精神医学/疾患・症候群
[[依存症とうつ病はどう併存するのか]],物質使用が気分症状を悪化させ再発リスクを高める仕組みを解説する,content/03_精神医学/疾患・症候群
[[依存症とADHDはどう関係するのか]],衝動性・報酬感受性・自己治療仮説の観点から併存を整理する,content/03_精神医学/疾患・症候群
[[認知症と精神病症状はどう関係するのか]],幻覚・妄想・興奮などのBPSDを疾患別特徴から解説する,content/03_精神医学/疾患・症候群
[[BPSDとは何か]],認知症に伴う行動・心理症状を評価とケアの観点から整理する,content/03_精神医学/疾患・症候群
[[老年期うつ病とは何か]],高齢者に特有の身体症状・認知症状・喪失体験を伴ううつ病を解説する,content/03_精神医学/疾患・症候群
[[児童青年期うつ病とは何か]],易怒性や身体症状など子どもに特有の抑うつ表現を整理する,content/03_精神医学/疾患・症候群
[[小児双極性障害とは何か]],児童青年期の気分エピソードを発達特性やADHDとの鑑別から解説する,content/03_精神医学/疾患・症候群
[[産後精神疾患には何があるのか]],産後うつ病・産褥期精神病・不安症状を母子支援の観点から整理する,content/03_精神医学/疾患・症候群
[[周産期メンタルヘルスの疾患には何があるのか]],妊娠中から産後に生じる気分・不安・精神病症状を解説する,content/03_精神医学/疾患・症候群
[[更年期関連精神症状とは何か]],ホルモン変動・睡眠障害・心理社会的変化と気分症状の関係を整理する,content/03_精神医学/疾患・症候群
[[トラウマ関連障害群とは何か]],外傷体験後に生じるPTSD・急性ストレス障害・適応障害などを概観する,content/03_精神医学/疾患・症候群
[[不登校に関連する精神疾患には何があるのか]],不安症・発達症・うつ病・家庭環境などを多面的に整理する,content/03_精神医学/疾患・症候群
[[ひきこもりとは何か]],長期の社会的引きこもりを背景疾患・家族関係・社会支援から解説する,content/03_精神医学/疾患・症候群
[[孤独と精神疾患はどう関係するのか]],社会的孤立がうつ病・不安・認知症リスクに及ぼす影響を整理する,content/03_精神医学/疾患・症候群
[[バーンアウトとは何か]],慢性職業性ストレスに伴う情緒的消耗・脱人格化・達成感低下を解説する,content/03_精神医学/疾患・症候群
[[職場メンタルヘルスで多い疾患には何があるのか]],うつ病・適応障害・不安症・睡眠障害を就労支援の観点から整理する,content/03_精神医学/疾患・症候群
[[災害後に生じる精神疾患には何があるのか]],PTSD・うつ病・悲嘆・物質使用などを地域支援と関連づけて解説する,content/03_精神医学/疾患・症候群
[[移民・難民のメンタルヘルス問題とは何か]],トラウマ・文化適応・差別・言語障壁による精神症状を整理する,content/03_精神医学/疾患・症候群
[[LGBTQ関連メンタルヘルスとは何か]],マイノリティストレスと抑うつ・不安・自殺リスクの関係を解説する,content/03_精神医学/疾患・症候群
[[慢性疼痛と精神疾患はどう関係するのか]],痛み・抑うつ・不安・睡眠障害の相互作用を整理する,content/03_精神医学/疾患・症候群
[[がん患者の精神疾患には何があるのか]],適応障害・うつ病・せん妄・不安を緩和ケアの観点から解説する,content/03_精神医学/疾患・症候群
[[心疾患に伴う精神症状とは何か]],うつ病・不安・せん妄が予後や治療アドヒアランスに与える影響を整理する,content/03_精神医学/疾患・症候群
[[糖尿病とうつ病はどう関係するのか]],慢性疾患管理と気分症状の双方向的影響を解説する,content/03_精神医学/疾患・症候群
[[腎不全に伴う精神症状とは何か]],透析・尿毒症・生活制限に関連する抑うつ・不安・せん妄を整理する,content/03_精神医学/疾患・症候群
[[HIV関連精神症状とは何か]],感染症・スティグマ・薬剤・神経認知障害が精神症状に与える影響を解説する,content/03_精神医学/疾患・症候群
[[周術期せん妄とは何か]],手術や麻酔後に生じる急性意識障害を予防と対応から整理する,content/03_精神医学/疾患・症候群
[[ICUせん妄とは何か]],集中治療環境で生じるせん妄をリスク因子とケアから解説する,content/03_精神医学/疾患・症候群
[[薬物過量服薬とは何か]],自殺企図や衝動行為としての過量服薬を救急対応と再発予防から整理する,content/03_精神医学/疾患・症候群
[[自殺危機症候群とは何か]],切迫感・閉塞感・焦燥などを伴う自殺リスク上昇状態を解説する,content/03_精神医学/疾患・症候群
[[非定型精神病とは何か]],急性で感情症状を伴いやすい精神病像を歴史的診断概念として整理する,content/03_精神医学/疾患・症候群
[[境界例とは何か]],パーソナリティ病理や神経症と精神病の境界をめぐる歴史的概念を解説する,content/03_精神医学/疾患・症候群
[[神経症とは何か]],不安や葛藤を中心とする古典的診断概念を現代分類との違いから整理する,content/03_精神医学/疾患・症候群
[[心因反応とは何か]],心理的ストレスに反応して生じる症状という古典的概念を解説する,content/03_精神医学/疾患・症候群
[[機能性精神障害とは何か]],明確な器質因を伴わない精神障害という分類概念を現代的に整理する,content/03_精神医学/疾患・症候群
[[器質性精神障害とは何か]],脳疾患・全身疾患・物質など身体的要因に基づく精神障害を概観する,content/03_精神医学/疾患・症候群
[[心身症とは何か]],心理社会的要因が身体疾患の発症や経過に影響する病態を整理する,content/03_精神医学/疾患・症候群
[[身体疾患に伴う不安症状とは何か]],心疾患・内分泌疾患・呼吸器疾患などによる不安様症状を解説する,content/03_精神医学/疾患・症候群
[[身体疾患に伴う抑うつ症状とは何か]],慢性疾患・炎症・疼痛・機能喪失が抑うつに与える影響を整理する,content/03_精神医学/疾患・症候群
[[慢性疲労症候群とは何か]],持続的疲労と認知症状・睡眠障害を伴う病態を精神医学的観点から解説する,content/03_精神医学/疾患・症候群
[[線維筋痛症と精神症状はどう関係するのか]],広範な疼痛・疲労・睡眠障害とうつ不安の相互作用を整理する,content/03_精神医学/疾患・症候群
[[月経関連気分症状とは何か]],月経周期に伴う気分変動や不安をPMDDなどと関連づけて解説する,content/03_精神医学/疾患・症候群
[[不安抑うつ混合状態とは何か]],不安症状と抑うつ症状が明確に混在する状態を整理する,content/03_精神医学/疾患・症候群
[[情緒不安定性を伴う疾患には何があるのか]],境界性パーソナリティ障害・双極性障害・ADHDなどを比較する,content/03_精神医学/疾患・症候群
[[衝動制御困難を伴う疾患には何があるのか]],ADHD・依存症・パーソナリティ障害・躁状態の違いを整理する,content/03_精神医学/疾患・症候群
[[幻覚を伴う疾患には何があるのか]],統合失調症・せん妄・認知症・薬物・神経疾患を鑑別する視点を解説する,content/03_精神医学/疾患・症候群
[[妄想を伴う疾患には何があるのか]],精神病性障害・気分障害・認知症・身体疾患を比較して整理する,content/03_精神医学/疾患・症候群
[[カタトニアを伴う疾患には何があるのか]],統合失調症・気分障害・身体疾患・薬剤性を鑑別する視点を解説する,content/03_精神医学/疾患・症候群
[[せん妄を起こしやすい疾患には何があるのか]],感染・脱水・薬剤・術後・認知症などリスク因子を整理する,content/03_精神医学/疾患・症候群
[[精神科における診断横断的症候群とは何か]],診断名を超えて出現する不眠・不安・衝動性・認知障害を整理する,content/03_精神医学/疾患・症候群
[[精神疾患の併存パターンには何があるのか]],うつ不安・発達症依存・PTSD解離など頻度の高い併存を解説する,content/03_精神医学/疾患・症候群
[[精神疾患の慢性化とは何か]],症状持続・機能低下・社会的孤立が相互に影響する過程を整理する,content/03_精神医学/疾患・症候群
[[精神疾患の再発とは何か]],症状改善後に再燃する要因をストレス・睡眠・服薬・支援体制から解説する,content/03_精神医学/疾患・症候群
[[精神疾患の寛解とは何か]],症状が十分に軽快し生活機能が回復する状態を部分寛解と完全寛解に分けて整理する,content/03_精神医学/疾患・症候群
[[精神疾患の回復過程とは何か]],症状・生活・意味・希望の回復をリカバリー概念から解説する,content/03_精神医学/疾患・症候群
[[重症精神障害とは何か]],統合失調症・双極性障害・重症うつ病など長期支援を要する病態を整理する,content/03_精神医学/疾患・症候群
[[精神疾患と社会機能障害はどう関係するのか]],症状だけでなく就労・対人関係・生活自立への影響を解説する,content/03_精神医学/疾患・症候群
[[精神疾患とスティグマはどう関係するのか]],偏見が受診行動・自己評価・社会参加に与える影響を整理する,content/03_精神医学/疾患・症候群
[[精神疾患と自殺リスクはどう関係するのか]],疾患別リスクと急性増悪因子を評価する基本視点を解説する,content/03_精神医学/疾患・症候群
[[精神疾患と暴力リスクはどう関係するのか]],症状・物質使用・過去歴・環境要因を分けてリスクを整理する,content/03_精神医学/疾患・症候群
[[精神疾患と身体合併症はどう関係するのか]],生活習慣・薬剤副作用・医療アクセスが身体健康に与える影響を解説する,content/03_精神医学/疾患・症候群
[[精神疾患と睡眠障害はどう関係するのか]],不眠やリズム障害が気分・不安・精神病症状に及ぼす影響を整理する,content/03_精神医学/疾患・症候群
[[精神疾患と疼痛はどう関係するのか]],痛みと情動・注意・破局化が相互に悪化する仕組みを解説する,content/03_精神医学/疾患・症候群
[[精神疾患と認知機能障害はどう関係するのか]],うつ病・統合失調症・双極性障害でみられる認知障害を整理する,content/03_精神医学/疾患・症候群
[[精神疾患と生活リズム障害はどう関係するのか]],睡眠覚醒・活動量・食事・社会的リズムの乱れが症状に与える影響を解説する,content/03_精神医学/疾患・症候群
[[精神疾患と孤立はどう関係するのか]],社会的つながりの減少が症状維持や再発に与える影響を整理する,content/03_精神医学/疾患・症候群
[[精神疾患と家族負担はどう関係するのか]],介護負担・感情表出・支援資源が患者と家族に与える影響を解説する,content/03_精神医学/疾患・症候群
[[精神疾患と就労困難はどう関係するのか]],症状・認知機能・対人関係・職場環境が就労継続に影響する仕組みを整理する,content/03_精神医学/疾患・症候群
[[精神疾患と貧困はどう関係するのか]],経済的困難と精神症状が相互に悪化する社会的要因を解説する,content/03_精神医学/疾患・症候群
[[精神疾患とホームレス状態はどう関係するのか]],住居不安定・物質使用・医療アクセスの問題を整理する,content/03_精神医学/疾患・症候群
[[精神疾患と犯罪被害はどう関係するのか]],被害体験がPTSD・うつ病・解離症状に与える影響を解説する,content/03_精神医学/疾患・症候群
[[精神疾患と虐待歴はどう関係するのか]],小児期逆境が発達・情動調整・対人関係に与える長期影響を整理する,content/03_精神医学/疾患・症候群
[[精神疾患とトラウマ反応はどう関係するのか]],外傷記憶・過覚醒・回避・解離が診断横断的に現れる仕組みを解説する,content/03_精神医学/疾患・症候群
[[精神疾患と身体表現性症状はどう関係するのか]],心理的苦痛が身体症状として現れる病態を整理する,content/03_精神医学/疾患・症候群
[[精神疾患と過量服薬はどう関係するのか]],自殺企図・衝動行為・物質使用を含むリスク評価を解説する,content/03_精神医学/疾患・症候群
[[精神疾患と治療中断はどう関係するのか]],病識・副作用・スティグマ・生活困難が治療継続に与える影響を整理する,content/03_精神医学/疾患・症候群
[[精神疾患と服薬アドヒアランス不良はどう関係するのか]],薬への不安・副作用・病識不足を含めた支援方法を解説する,content/03_精神医学/疾患・症候群
[[精神疾患と再入院はどう関係するのか]],再発・支援不足・社会的孤立・治療中断が入院反復に関わる仕組みを整理する,content/03_精神医学/疾患・症候群
[[精神疾患とセルフスティグマはどう関係するのか]],患者が社会的偏見を内面化することで回復や援助希求が妨げられる過程を解説する,content/03_精神医学/疾患・症候群
[[精神疾患とリカバリー志向支援はどう関係するのか]],病気と共に生きる力を支える希望・自己決定・役割回復を整理する,content/03_精神医学/疾患・症候群
[[ライフスパン精神医学とは何か]],精神疾患を乳幼児期から老年期までの発達段階と生活文脈の中で理解する基本枠組みを整理する,content/03_精神医学/発達・ライフスパン
[[発達精神病理学とは何か]],正常発達と精神症状の出現を連続的に捉えリスク因子と保護因子を考える視点を解説する,content/03_精神医学/発達・ライフスパン
[[神経発達症とは何か]],発達早期から現れる認知・行動・社会性の特性をもつ疾患群を総論的に整理する,content/03_精神医学/発達・ライフスパン
[[乳幼児精神医学とは何か]],乳幼児の情緒・行動・親子関係を発達と養育環境の観点から評価する領域を解説する,content/03_精神医学/発達・ライフスパン
[[乳幼児期の愛着は精神健康にどう関わるのか]],養育者との情緒的結びつきが情動調整や対人関係の基盤になる仕組みを整理する,content/03_精神医学/発達・ライフスパン
[[乳幼児期の睡眠問題はどう評価するのか]],夜泣き・入眠困難・睡眠リズムの問題を発達段階と養育環境から理解する,content/03_精神医学/発達・ライフスパン
[[乳幼児期の摂食問題はどう評価するのか]],哺乳・離乳・偏食・拒食を身体疾患と親子相互作用の両面から整理する,content/03_精神医学/発達・ライフスパン
[[児童精神医学とは何か]],子どもの発達・家庭・学校・地域を踏まえて精神症状を評価し支援する領域を解説する,content/03_精神医学/発達・ライフスパン
[[子どもの精神症状は大人と何が違うのか]],抑うつ・不安・怒り・身体症状などが年齢により異なる形で表れる点を整理する,content/03_精神医学/発達・ライフスパン
[[子どものアセスメントでは何を確認するのか]],発達歴・家族環境・学校生活・遊び・対人関係を含めて評価する方法を解説する,content/03_精神医学/発達・ライフスパン
[[児童青年期のうつ病はどう現れるのか]],易怒性・身体症状・不登校・自傷など成人と異なる表現を整理する,content/03_精神医学/発達・ライフスパン
[[児童青年期の不安症はどう現れるのか]],分離不安・社交不安・全般不安などが家庭や学校生活に与える影響を解説する,content/03_精神医学/発達・ライフスパン
[[児童青年期の強迫症はどう評価するのか]],強迫観念・儀式行為・家族の巻き込みを発達段階に応じて整理する,content/03_精神医学/発達・ライフスパン
[[児童青年期の自傷行為はどう理解するのか]],死ぬ意図の有無・感情調整・対人機能・自殺リスクを分けて評価する,content/03_精神医学/発達・ライフスパン
[[不登校は精神医学的にどう理解するのか]],不安症・発達特性・うつ病・家庭要因・学校要因を統合して考える視点を整理する,content/03_精神医学/発達・ライフスパン
[[いじめは精神健康にどう影響するのか]],被害体験が抑うつ・不安・PTSD症状・自尊感情低下に及ぼす影響を解説する,content/03_精神医学/発達・ライフスパン
[[発達特性と二次障害とは何か]],発達症の特性そのものではなく環境不適合や失敗体験から生じる精神症状を整理する,content/03_精神医学/発達・ライフスパン
[[児童青年期のトラウマ反応はどう現れるのか]],退行・情動不安定・身体症状・回避・解離など年齢に応じた表現を解説する,content/03_精神医学/発達・ライフスパン
[[虐待は発達と精神疾患にどう影響するのか]],身体的・心理的・性的虐待やネグレクトが脳発達と対人関係に与える影響を整理する,content/03_精神医学/発達・ライフスパン
[[ヤングケアラーの精神健康問題とは何か]],家族の介護や世話を担う子どもが抱える負担と支援の視点を解説する,content/03_精神医学/発達・ライフスパン
[[思春期精神医学とは何か]],身体変化・自己意識・同年代関係・自立課題が精神症状に影響する時期を整理する,content/03_精神医学/発達・ライフスパン
[[思春期の脳発達は精神症状にどう関わるのか]],報酬系と前頭前野の成熟差が衝動性・感情不安定性・リスク行動に関わる仕組みを解説する,content/03_精神医学/発達・ライフスパン
[[思春期の自殺リスクはどう評価するのか]],希死念慮・自傷・いじめ・家庭葛藤・SNS利用などを含めた評価を整理する,content/03_精神医学/発達・ライフスパン
[[青年期のアイデンティティ形成と精神健康はどう関係するのか]],自己理解・進路・所属感・対人関係の揺らぎが症状に影響する過程を解説する,content/03_精神医学/発達・ライフスパン
[[青年期のひきこもりはどう理解するのか]],発達特性・不安・抑うつ・家族関係・社会参加困難を統合して整理する,content/03_精神医学/発達・ライフスパン
[[大学生のメンタルヘルス問題には何があるのか]],環境移行・孤立・学業不振・発達特性・睡眠リズムの問題を解説する,content/03_精神医学/発達・ライフスパン
[[若年成人の初発精神病はどう支援するのか]],発症早期の評価・家族支援・学業就労支援・再発予防を整理する,content/03_精神医学/発達・ライフスパン
[[成人期の精神発達課題とは何か]],仕事・親密な関係・子育て・社会的役割が精神健康に与える影響を解説する,content/03_精神医学/発達・ライフスパン
[[周産期メンタルヘルスとは何か]],妊娠中から産後にかけてのうつ病・不安症・精神病症状と母子支援を整理する,content/03_精神医学/発達・ライフスパン
[[産後うつ病は母子関係にどう影響するのか]],母親の抑うつが愛着形成・養育行動・乳児発達に与える影響を解説する,content/03_精神医学/発達・ライフスパン
[[父親の産後メンタルヘルスとは何か]],父親にも生じうる抑うつ・不安・役割葛藤と家族支援の必要性を整理する,content/03_精神医学/発達・ライフスパン
[[更年期の精神症状とは何か]],ホルモン変動・睡眠障害・ライフイベントが気分や不安に与える影響を解説する,content/03_精神医学/発達・ライフスパン
[[中年期の危機とは何か]],仕事・家庭・身体変化・親の介護などが自己理解と精神健康に与える影響を整理する,content/03_精神医学/発達・ライフスパン
[[老年精神医学とは何か]],高齢期の認知症・うつ病・せん妄・身体合併症を包括的に扱う領域を解説する,content/03_精神医学/発達・ライフスパン
[[老年期うつ病は若年成人のうつ病と何が違うのか]],身体症状・認知機能低下・喪失体験・自殺リスクの特徴を整理する,content/03_精神医学/発達・ライフスパン
[[高齢者の不安症はどう現れるのか]],身体疾患への心配・転倒恐怖・孤立・睡眠問題を含む症状表現を解説する,content/03_精神医学/発達・ライフスパン
[[高齢者のせん妄はなぜ重要なのか]],急性意識障害を認知症やうつ病と見分け早期対応する必要性を整理する,content/03_精神医学/発達・ライフスパン
[[認知症と加齢性物忘れはどう違うのか]],日常生活への影響・進行性・見当識障害などを比較して解説する,content/03_精神医学/発達・ライフスパン
[[高齢者のBPSDはどう理解するのか]],認知症に伴う興奮・幻覚・妄想・徘徊を環境と本人の苦痛から整理する,content/03_精神医学/発達・ライフスパン
[[高齢者虐待は精神科でどう評価するのか]],身体的・心理的・経済的虐待やネグレクトを発見し連携する視点を解説する,content/03_精神医学/発達・ライフスパン
[[介護者負担は精神健康にどう影響するのか]],介護ストレスがうつ病・不安・燃え尽きに与える影響と支援を整理する,content/03_精神医学/発達・ライフスパン
[[喪失体験はライフスパンでどう影響するのか]],死別・退職・健康喪失が悲嘆や抑うつに結びつく過程を解説する,content/03_精神医学/発達・ライフスパン
[[孤独と社会的孤立は高齢期にどう問題となるのか]],孤独が抑うつ・認知症・身体疾患リスクに及ぼす影響を整理する,content/03_精神医学/発達・ライフスパン
[[ライフイベントと精神疾患はどう関係するのか]],進学・就職・結婚・出産・退職・死別などが発症や再発に与える影響を解説する,content/03_精神医学/発達・ライフスパン
[[世代間伝達とは何か]],トラウマ・養育・愛着・貧困が次世代の精神健康に影響する仕組みを整理する,content/03_精神医学/発達・ライフスパン
[[発達段階に応じた精神科面接とは何か]],子ども・青年・成人・高齢者で面接方法や情報源を変える必要性を解説する,content/03_精神医学/発達・ライフスパン
[[発達段階に応じた家族支援とは何か]],家族が担う役割や負担の違いをライフステージ別に整理する,content/03_精神医学/発達・ライフスパン
[[移行期支援とは何か]],児童精神科から成人精神科への移行や学校から社会への移行を支える方法を解説する,content/03_精神医学/発達・ライフスパン
[[ライフスパンで見る再発予防とは何か]],年齢・生活課題・支援資源に応じて再発予防計画を調整する考え方を整理する,content/03_精神医学/発達・ライフスパン
[[精神疾患を持つ人の人生設計支援とは何か]],学業・就労・結婚・子育て・老後を見据えた長期支援を解説する,content/03_精神医学/発達・ライフスパン
[[司法精神医学とは何か]],精神疾患と犯罪・責任能力・処遇・リスク評価の関係を扱う領域を整理する,content/03_精神医学/司法・制度・地域精神医療
[[精神保健福祉法とは何か]],日本の精神科医療における入院制度・権利擁護・行政関与の基本を解説する,content/03_精神医学/司法・制度・地域精神医療
[[任意入院とは何か]],本人の同意に基づく精神科入院の要件・退院請求・臨床上の注意点を整理する,content/03_精神医学/司法・制度・地域精神医療
[[医療保護入院とは何か]],本人同意が得られない場合の家族等同意による入院制度を要件と倫理から解説する,content/03_精神医学/司法・制度・地域精神医療
[[措置入院とは何か]],自傷他害のおそれがある場合の行政による入院制度と評価手続きを整理する,content/03_精神医学/司法・制度・地域精神医療
[[応急入院とは何か]],緊急時に本人同意なく短期間入院できる制度の目的と要件を解説する,content/03_精神医学/司法・制度・地域精神医療
[[精神科入院で患者の権利をどう守るのか]],行動制限・通信面会・退院請求・説明義務を権利擁護の観点から整理する,content/03_精神医学/司法・制度・地域精神医療
[[隔離とは何か]],精神科病棟での隔離の適応・最小化・記録・倫理的注意点を解説する,content/03_精神医学/司法・制度・地域精神医療
[[身体拘束とは何か]],自傷他害防止のための拘束の適応・リスク・代替策・最小化を整理する,content/03_精神医学/司法・制度・地域精神医療
[[精神科医療における行動制限最小化とは何か]],隔離拘束を減らすためのチーム医療・環境調整・危機対応を解説する,content/03_精神医学/司法・制度・地域精神医療
[[責任能力とは何か]],刑事責任を問えるかを精神障害と弁識能力・制御能力から評価する考え方を整理する,content/03_精神医学/司法・制度・地域精神医療
[[責任能力鑑定とは何か]],犯行時の精神状態を評価し刑事責任能力を判断する精神鑑定の基本を解説する,content/03_精神医学/司法・制度・地域精神医療
[[医療観察法とは何か]],心神喪失等の状態で重大他害行為を行った人への医療と社会復帰支援制度を整理する,content/03_精神医学/司法・制度・地域精神医療
[[医療観察法病棟では何を行うのか]],多職種チームによる治療・リスク評価・社会復帰支援の流れを解説する,content/03_精神医学/司法・制度・地域精神医療
[[精神鑑定とは何か]],裁判や処遇判断のために精神状態・診断・責任能力・リスクを評価する手続きを整理する,content/03_精神医学/司法・制度・地域精神医療
[[成年後見制度とは何か]],判断能力が不十分な人の財産管理や契約を支援する制度を精神科臨床と関連づけて解説する,content/03_精神医学/司法・制度・地域精神医療
[[意思決定支援とは何か]],本人の価値観と意思を尊重しながら医療・生活上の選択を支える方法を整理する,content/03_精神医学/司法・制度・地域精神医療
[[虐待通告制度とは何か]],児童・高齢者・障害者虐待を疑った際の通告義務と連携を解説する,content/03_精神医学/司法・制度・地域精神医療
[[DVと精神科医療はどう関係するのか]],親密な関係における暴力が精神症状や安全確保に与える影響を整理する,content/03_精神医学/司法・制度・地域精神医療
[[ストーキングと精神医学はどう関係するのか]],妄想・執着・対人病理と安全管理を司法連携の観点から解説する,content/03_精神医学/司法・制度・地域精神医療
[[自殺対策基本法とは何か]],自殺を社会的問題として捉え地域・医療・行政が連携する枠組みを整理する,content/03_精神医学/司法・制度・地域精神医療
[[自殺未遂者支援では何を行うのか]],救急医療後の精神科評価・安全計画・地域連携・再企図予防を解説する,content/03_精神医学/司法・制度・地域精神医療
[[地域精神医療とは何か]],病院中心から地域生活中心へ移行する精神科支援の考え方を整理する,content/03_精神医学/司法・制度・地域精神医療
[[地域移行支援とは何か]],長期入院患者が地域生活へ移るための住居・福祉・医療連携を解説する,content/03_精神医学/司法・制度・地域精神医療
[[地域定着支援とは何か]],退院後に地域生活を維持するための相談・危機対応・生活支援を整理する,content/03_精神医学/司法・制度・地域精神医療
[[精神科訪問看護とは何か]],服薬・生活・症状・家族支援を自宅で行う訪問支援の役割を解説する,content/03_精神医学/司法・制度・地域精神医療
[[ACTとは何か]],重症精神障害者を地域で支える包括型地域生活支援チームの考え方を整理する,content/03_精神医学/司法・制度・地域精神医療
[[デイケアとは何か]],生活リズム・対人関係・就労準備を支援する精神科リハビリテーションを解説する,content/03_精神医学/司法・制度・地域精神医療
[[精神科リハビリテーションとは何か]],症状改善だけでなく生活機能と社会参加を回復する支援を整理する,content/03_精神医学/司法・制度・地域精神医療
[[就労支援とは何か]],精神疾患を持つ人の働く力と職場定着を支える制度・支援方法を解説する,content/03_精神医学/司法・制度・地域精神医療
[[IPS援助付き雇用とは何か]],本人の希望に基づき一般就労を早期に支援する就労支援モデルを整理する,content/03_精神医学/司法・制度・地域精神医療
[[障害者総合支援法とは何か]],精神障害を含む障害福祉サービスの利用枠組みを解説する,content/03_精神医学/司法・制度・地域精神医療
[[精神障害者保健福祉手帳とは何か]],精神疾患による生活障害に対する福祉的支援と制度利用を整理する,content/03_精神医学/司法・制度・地域精神医療
[[自立支援医療とは何か]],精神科通院医療費の負担軽減制度を対象・手続き・活用場面から解説する,content/03_精神医学/司法・制度・地域精神医療
[[障害年金とは何か]],精神疾患による就労・生活機能障害に対する所得保障制度を整理する,content/03_精神医学/司法・制度・地域精神医療
[[生活保護と精神科医療はどう関係するのか]],経済的困窮と精神疾患への医療・福祉支援を解説する,content/03_精神医学/司法・制度・地域精神医療
[[保健所と精神保健福祉センターは何をするのか]],地域精神保健における行政機関の相談・危機対応・連携機能を整理する,content/03_精神医学/司法・制度・地域精神医療
[[精神保健福祉士とは何をする職種なのか]],医療と福祉をつなぎ生活課題や制度利用を支援する役割を解説する,content/03_精神医学/司法・制度・地域精神医療
[[多職種連携は地域精神医療でなぜ重要なのか]],医療・福祉・行政・家族・職場が連携して生活を支える仕組みを整理する,content/03_精神医学/司法・制度・地域精神医療
[[ケア会議とは何か]],本人を中心に支援者が目標や役割分担を共有する会議の進め方を解説する,content/03_精神医学/司法・制度・地域精神医療
[[ケースマネジメントとは何か]],複数のニーズと支援資源を調整し継続的支援を行う方法を整理する,content/03_精神医学/司法・制度・地域精神医療
[[ピアサポートとは何か]],同じ経験を持つ人同士の支援が回復や希望に与える意味を解説する,content/03_精神医学/司法・制度・地域精神医療
[[家族会とは何か]],家族が情報共有・相互支援・権利擁護を行う地域資源を整理する,content/03_精神医学/司法・制度・地域精神医療
[[危機介入とは何か]],自殺危機・精神病急性増悪・家族崩壊などに短期集中的に対応する方法を解説する,content/03_精神医学/司法・制度・地域精神医療
[[アウトリーチ支援とは何か]],支援につながりにくい人へ医療・福祉が出向いて関係を作る方法を整理する,content/03_精神医学/司法・制度・地域精神医療
[[ホームレス状態と精神医療はどう関係するのか]],住居喪失・物質使用・精神疾患への地域支援と制度連携を解説する,content/03_精神医学/司法・制度・地域精神医療
[[災害精神医療とは何か]],災害後の急性ストレス・PTSD・悲嘆・地域支援を扱う領域を整理する,content/03_精神医学/司法・制度・地域精神医療
[[DPATとは何か]],災害派遣精神医療チームの役割・活動内容・地域連携を解説する,content/03_精神医学/司法・制度・地域精神医療
[[学校精神保健とは何か]],学校における不登校・自傷・発達特性・いじめへの支援を整理する,content/03_精神医学/司法・制度・地域精神医療
[[産業精神保健とは何か]],職場でのメンタルヘルス不調・休職復職・安全配慮義務を解説する,content/03_精神医学/司法・制度・地域精神医療
[[精神科における休職復職支援とは何か]],診断書・職場調整・リワーク・再発予防を含む支援を整理する,content/03_精神医学/司法・制度・地域精神医療
[[精神医療における権利擁護とは何か]],本人の尊厳・自己決定・地域生活を守る支援と制度を解説する,content/03_精神医学/司法・制度・地域精神医療